Bitrix ID,Название сайта,Бренд
741,"Аккумулятор EnerSys Cyclon D Cell (AGM, 2.5 Ah)",4629
845,"Аккумулятор Fiamm LM/S 435 для ИБП (OPzS, 435Ah)",4634
849,"Аккумулятор Fiamm 2SLA500 (AGM, 500Ah)",4634
853,"Аккумулятор Fiamm 2SLA580 (AGM, 580Ah)",4634
857,"Аккумулятор Fiamm SMG 720 для ИБП (GEL, 720Ah)",4634
858,"Аккумулятор Fiamm 2SLA800 (AGM, 800Ah)",4634
875,Аккумулятор KGL- 70 P (с электролитом) (ЗАИТ),4705
876,Аккумулятор KGL-100 P (с электролитом) (ЗАИТ),4705
877,Аккумулятор KGL-125 P (с электролитом) (ЗАИТ),4705
878,Аккумулятор KGL-140P (с электролитом) (ЗАИТ),4705
879,Аккумулятор KGL-160 P (с электролитом) (ЗАИТ),4705
880,Аккумулятор KGL-300 P (с электролитом) (ЗАИТ),4705
881,Аккумулятор KGL-350 P (с электролитом) (ЗАИТ),4705
882,Аккумулятор KGL-450 P (с электролитом) (ЗАИТ),4705
883,Аккумулятор KGL-500 P (с электролитом) (ЗАИТ),4705
884,Аккумулятор KL- 55 P (НК 55П),4701
885,Аккумулятор KL- 80 P (НК 80П),4701
886,Аккумулятор KL-125 P (без электролита) (ЗАИТ),4705
887,Аккумулятор KL-125 P (НК 125П),4701
888,Аккумулятор KL-160 P (без электролита) (ЗАИТ),4705
889,Аккумулятор KL-160 P (с электролитом) (ЗАИТ),4705
890,Аккумулятор KL-250 P (без электролита) (ЗАИТ),4705
891,Аккумулятор KL-250 P (с электролитом) (ЗАИТ),4705
892,Аккумулятор KL-300 P (без электролита) (ЗАИТ),4705
893,Аккумулятор KL-300 P (с электролитом) (ЗАИТ),4705
894,Аккумулятор KL-500 P (без электролита) (ЗАИТ),4705
895,Аккумулятор KL-500 P (с электролитом) (ЗАИТ),4705
896,Аккумулятор KM-260 P,4701
897,Аккумулятор KM-300 P,4701
898,Аккумулятор KPL- 55P (без электролита) (ЗАИТ),4705
899,Аккумулятор KPL- 70 P (без электролита) (ЗАИТ),4705
900,Аккумулятор KPL- 70 P (с электролитом) (ЗАИТ),4705
1138,"Аккумулятор Panasonic LC-RA1212PG1 (AGM, 12Ah)",4664
1139,"Аккумулятор Panasonic LC-R061R3P (AGM, 1.3Ah)",4664
1140,"Аккумулятор Panasonic LC-R121R3PG (AGM, 1.3Ah)",4664
1142,"Аккумулятор Panasonic LC-P127R2P (AGM, 7.2Ah)",4664
1143,"Аккумулятор Panasonic LC-T12105P (AGM, 105Ah)",4664
1144,"Аккумулятор Panasonic LC-QA12110TP (AGM, 110Ah)",4664
1145,"Аккумулятор Panasonic LC-P12120P (AGM, 120Ah)",4664
1147,"Аккумулятор Panasonic LC-P0612P (AGM, 12Ah)",4664
1148,"Аккумулятор Panasonic LC-PA1212P1 (AGM, 12Ah)",4664
1149,"Аккумулятор Panasonic LC-R0612P (AGM, 12Ah)",4664
1150,"Аккумулятор Panasonic LC-R0612P1 (AGM, 12Ah)",4664
1151,"Аккумулятор Panasonic LC-RA1212PG (AGM, 12Ah)",4664
1152,"Аккумулятор Panasonic LC-P12150BP (AGM, 150Ah)",4664
1153,"Аккумулятор Panasonic LC-CA1215P1 (AGM, 15Ah)",4664
1154,"Аккумулятор Panasonic LC-RA1215P (AGM, 15Ah)",4664
1155,"Аккумулятор Panasonic LC-RA1215P1 (AGM, 15Ah)",4664
1156,"Аккумулятор Panasonic LC-CA1216P1 (AGM, 16Ah)",4664
1157,"Аккумулятор Panasonic LC-PA1216P1 (AGM, 16Ah)",4664
1159,"Аккумулятор Panasonic LC-XD1217PG (AGM, 17Ah)",4664
1160,"Аккумулятор Panasonic LC-P122R2J (AGM, 2.2Ah)",4664
1161,"Аккумулятор Panasonic LC-R122R2PG (AGM, 2.2Ah)",4664
1162,"Аккумулятор Panasonic LC-P06200TA (AGM, 200Ah)",4664
1163,"Аккумулятор Panasonic LC-P12200BP (AGM, 200Ah)",4664
1164,"Аккумулятор Panasonic LC-P1220P (AGM, 20Ah)",4664
1397,"Аккумулятор Casil CA 1208 (AGM, 0.8Ah)",4618
1399,"Аккумулятор Robiton VRLA12-0.8 (AGM, 0.8Ah)",4670
1402,"Аккумулятор Delta DT 6012 (AGM, 1.2Ah)",4622
1405,"Аккумулятор Fiamm FG10121 (AGM, 1.2Ah)",4634
1406,"Аккумулятор Fiamm FG20121 (AGM, 1.2Ah)",4634
1407,"Аккумулятор Fiamm FG20121A (AGM, 1.2Ah)",4634
1408,"Аккумулятор MNB MS 1.2-6 F1 (AGM, 1.2Ah)",4656
1410,"Аккумулятор Casil CA 613 (AGM, 1.3Ah)",4618
1413,"Аккумулятор Robiton VRLA12-1.3 (AGM, 1.3Ah)",4670
1414,"Аккумулятор Robiton VRLA6-1.3 (AGM, 1.3Ah)",4670
1418,"Аккумулятор CSB HRL12390W FR (AGM, 100Ah)",4619
1425,"Аккумулятор Fiamm 12FIT100/19 (AGM, 100Ah)",4634
1426,"Аккумулятор Fiamm 12FIT100/23 (AGM, 100Ah)",4634
1427,"Аккумулятор Fiamm 12FLB400 P (AGM, 100Ah)",4634
1431,"Аккумулятор Fiamm FG2A007 (AGM, 100Ah)",4634
1433,"Аккумулятор MNB MM 100-12 (AGM, 100Ah)",4656
1434,"Аккумулятор MNB MNG 100-12 для ИБП (GEL, 100Ah)",4656
1435,"Аккумулятор MNB MR 100-12FT (AGM, 100Ah)",4656
1441,"Аккумулятор Ventura HRL 12500W (AGM, 108Ah)",4687
1444,"Аккумулятор Fiamm 12FLB450 P (AGM, 115Ah)",4634
1445,"Аккумулятор Delta CT 1211 (AGM, 11Ah)",4622
1447,"Аккумулятор Delta CT 1212.1 (AGM, 12Ah)",4622
1448,"Аккумулятор Delta CT 1212.2 (AGM, 14Ah)",4622
1449,"Аккумулятор Delta CT 1214.1 (AGM, 14Ah)",4622
1450,"Аккумулятор Delta CT 1216.1 (AGM, 16Ah)",4622
1452,"Аккумулятор Delta CT 1220.1 (AGM, 20Ah)",4622
1456,"Аккумулятор Delta CT 1209.1 (AGM, 9Ah)",4622
1458,"Аккумулятор Delta DT 12120 (AGM, 120Ah)",
1462,"Аккумулятор Fiamm 12FGL80 (AGM, 120Ah)",4634
1463,"Аккумулятор Fiamm  FG2C00 (AGM, 120Ah)",4634
1464,"Аккумулятор MNB MM 120-12 (AGM, 120Ah)",4656
1465,"Аккумулятор MNB MNG 120-12 для ИБП (GEL, 120Ah)",4656
1470,"Аккумулятор MNB MR 125-12FT (AGM, 125Ah)",4656
1472,"Аккумулятор Casil CA 12120 (AGM, 12Ah)",4618
1473,"Аккумулятор Casil CA 6120 (AGM, 12Ah)",4618
1478,"Аккумулятор Delta DTM 612 (AGM, 12Ah)",4622
1483,"Аккумулятор Fiamm 12FGH50 (AGM, 12Ah)",4634
1484,"Аккумулятор Fiamm 12FGHL48 (AGM, 12Ah)",4634
1485,"Аккумулятор Fiamm FG11201 (AGM, 12Ah)",4634
1486,"Аккумулятор Fiamm FG11202 (AGM, 12Ah)",4634
1487,"Аккумулятор Fiamm FG21201 (AGM, 12Ah)",4634
1490,"Аккумулятор MNB MS 12-6 F1 (AGM, 12Ah)",4656
1491,"Аккумулятор Robiton VRLA12-12 (AGM, 12Ah)",4670
1492,"Аккумулятор Robiton VRLA6-12 (12Ah, 6V)",4670
1494,"Аккумулятор Fiamm 12FIT130 (AGM, 130Ah)",4634
1495,"Аккумулятор Fiamm 12FGL120 (AGM, 120Ah, 12V)",4634
1497,"Аккумулятор MNB MNG 135-12 для ИБП (GEL, 135Ah)",4656
1500,"Аккумулятор MNB MM 140-12 (AGM, 140Ah)",4656
1501,"Аккумулятор Ventura HRL 12580W (AGM, 140Ah)",4687
1502,"Аккумулятор Delta CT 1214 (AGM, 14Ah)",4622
1503,"Аккумулятор Delta DT 12150 (AGM, 150Ah)",
1508,"Аккумулятор Fiamm 12FIT150 (AGM, 150Ah)",4634
1509,"Аккумулятор Fiamm 12FLB540 P (AGM, 150Ah)",4634
1510,"Аккумулятор Fiamm 12FGL150 (AGM, 150Ah)",4634
1512,"Аккумулятор Fiamm FG2F009 (AGM, 150Ah)",4634
1513,"Аккумулятор MNB MM 150-12 (AGM, 150Ah)",4656
1514,"Аккумулятор MNB MNG 150-12 для ИБП (GEL, 150Ah)",4656
1517,"Аккумулятор Ventura HRL 12600W (AGM, 150Ah)",4687
1518,"Аккумулятор MNB MR 155-12FT (AGM, 155Ah)",4656
1519,"Аккумулятор B.B. Battery HR 15-12 (AGM, 15Ah)",4613
1521,"Аккумулятор Fiamm 6SLA160 (AGM, 160Ah)",4634
1523,"Аккумулятор Delta CT 1216 (AGM, 16Ah)",4622
1524,"Аккумулятор Fiamm 12FGL70 (AGM, 70Ah)",4634
1525,"Аккумулятор Ventura HRL 12680W (AGM, 170Ah)",4687
1528,"Аккумулятор Fiamm FG21703 (AGM, 17Ah)",4634
1533,"Аккумулятор Fiamm 6SLA180 (AGM, 180Ah)",4634
1534,"Аккумулятор MNB MR 180-12FT (AGM, 180Ah)",4656
1536,"Аккумулятор Casil CA 12180 (AGM, 18Ah)",4618
1541,"Аккумулятор Fiamm 12FGH65 (AGM, 18Ah)",4634
1544,"Аккумулятор Robiton VRLA12-18 (AGM, 18Ah)",4670
1546,"Аккумулятор Fiamm FG20201 (AGM, 2Ah)",4634
1550,"Аккумулятор Delta DT 6023 (AGM, 2.3Ah)",4622
1553,"Аккумулятор Delta CT 12025 (AGM, 2.5Ah)",4622
1554,"Аккумулятор Delta CT 12026 (AGM, 2.5Ah)",4622
1555,"Аккумулятор Casil CA 628 (AGM, 2.8Ah)",4618
1558,"Аккумулятор Delta DT 12200 (AGM, 200Ah)",
1561,"Аккумулятор MNB MM 200-12 (AGM, 200Ah)",4656
1562,"Аккумулятор MNB MNG 200-12 для ИБП (GEL, 200Ah)",4656
1565,"Аккумулятор B.B. Battery HR 22-12 (AGM, 22Ah)",4613
1566,"Аккумулятор Panasonic LC-QA06210TP (AGM, 210Ah)",4664
1569,"Аккумулятор Panasonic LC-XC1222P (AGM, 22Ah)",4664
1570,"Аккумулятор MNB MM 230-12 (AGM, 230Ah)",4656
1571,"Аккумулятор MNB MNG 230-12 для ИБП (GEL, 230Ah)",4656
1572,"Аккумулятор Panasonic LC-P1224APG (AGM, 24Ah)",4664
1573,"Аккумулятор Panasonic LC-QA1224AP (AGM, 24Ah)",4664
1574,"Аккумулятор MNB MM 250-12 (AGM, 250Ah)",4656
1576,"Аккумулятор Casil CA 12260 (AGM, 26Ah)",4618
1579,"Аккумулятор Panasonic LC-P1228AP (AGM, 28Ah)",4664
1580,"Аккумулятор Panasonic LC-XC1228P (AGM, 28Ah)",4664
1582,"Аккумулятор Casil CA 1233 (AGM, 3.3Ah)",4618
1583,"Аккумулятор Casil CA 633 (AGM, 3.3Ah)",4618
1584,"Аккумулятор Panasonic LC-P123R4P (AGM, 3.4Ah)",4664
1585,"Аккумулятор Panasonic LC-R063R4P (AGM, 3.4Ah)",4664
1586,"Аккумулятор Panasonic LC-R123R4PG (AGM, 3.4Ah)",4664
1587,"Аккумулятор B.B. Battery HR 4-12 (AGM, 3.5Ah)",4613
1591,"Аккумулятор Panasonic LC-V1233P (AGM, 33Ah)",4664
1594,"Аккумулятор B.B. Battery HRL 40-12 (AGM, 38Ah)",4613
1595,"Аккумулятор Panasonic LC-P1238APG (AGM, 38Ah)",4664
1596,"Аккумулятор Panasonic LC-XC1238P (AGM, 38Ah)",4664
1597,"Аккумулятор Ventura HRL 12210W (AGM, 40Ah)",4687
1599,"Аккумулятор Ventura GP 4-4 (AGM, 4Ah)",4687
1608,"Аккумулятор Casil CA 12400 (AGM, 40Ah)",4618
1612,"Аккумулятор B.B. Battery HRL 50-12 (AGM, 50Ah)",4613
1624,"Аккумулятор Ventura HR 1228W (AGM, 7Ah)",4687
1626,"Аккумулятор Casil CA 1270 (AGM, 7Ah)",4618
1627,"Аккумулятор Robiton VRLA12-7 (AGM, 7Ah)",4670
1631,"Аккумулятор B.B. Battery HRL 75-12 (AGM, 73Ah)",4613
1636,"Аккумулятор Ventura HRL 12420W (AGM, 90Ah)",4687
1641,"Аккумулятор Robiton VRLA12-9 (AGM, 9Ah)",4670
1644,"Аккумулятор B.B. Battery BP 17-12 (AGM, 17Ah)",4613
1686,Аккумулятор НК- 13П (КЗА),4707
1687,Аккумулятор НК- 55П (без электролита) (ЗАИТ),4705
1689,Аккумулятор НК-125П (без электролита) (ЗАИТ),4705
1690,"Аккумулятор Fiamm 2SLA1000 (AGM, 1000Ah)",4634
1691,"Аккумулятор Fiamm LM/S 1020 для ИБП (OPzS, 1020Ah)",4634
1695,"Аккумулятор Fiamm LM/S 1160 для ИБП (OPzS, 1160Ah)",4634
1697,"Аккумулятор Sonnenschein Dryfit A602/1250 для ИБП (GEL, OPzV, 1250Ah)",4678
1699,"Аккумулятор Fiamm LM/S 1310 для ИБП (OPzS, 1310Ah)",4634
1702,"Аккумулятор Fiamm SMG 1440 для ИБП (GEL, 1440Ah)",4634
1703,"Аккумулятор Fiamm LM/S 1450 для ИБП (OPzS, 1450Ah)",4634
1704,"Аккумулятор Fiamm 2SLA1500 (AGM, 1500Ah)",4634
1705,"Аккумулятор Fiamm LM/S 150 для ИБП (OPzS, 150Ah)",4634
1706,"Аккумулятор Sonnenschein Dryfit A602/1510 для ИБП (GEL, OPzV, 1510Ah)",4678
1708,"Аккумулятор Sonnenschein Dryfit A602/1650C для ИБП (GEL, OPzV, 1650Ah)",4678
1710,"Аккумулятор Fiamm SMG 1680 для ИБП (GEL, 1680Ah)",4634
1713,"Аккумулятор Fiamm LM/S 1740 для ИБП (OPzS, 1740Ah)",4634
1720,"Аккумулятор Fiamm LM/S 220 для ИБП (OPzS, 220Ah)",4634
1721,"Аккумулятор Fiamm SMG 220 для ИБП (GEL, 220Ah)",4634
1723,"Аккумулятор Sonnenschein Dryfit A602/225 для ИБП (GEL, OPzV, 225Ah)",4678
1724,"Аккумулятор Fiamm SMG 2250 для ИБП (GEL, 2250Ah)",4634
1727,"Аккумулятор Fiamm 2SLA250 (AGM, 250Ah)",4634
1728,"Аккумулятор Fiamm LM/S 2550 для ИБП (OPzS, 2550Ah)",4634
1732,"Аккумулятор Sonnenschein Dryfit A602/2740 для ИБП (GEL, OPzV, 2740Ah)",4678
1734,"Аккумулятор Fiamm LM/S 2750 для ИБП (OPzS, 2750Ah)",4634
1735,"Аккумулятор Fiamm SMG 275 для ИБП (GEL, 275Ah)",4634
1736,"Аккумулятор Fiamm SMG 2800 для ИБП (GEL, 2800Ah)",4634
1737,"Аккумулятор Sonnenschein Dryfit A602/280 для ИБП (GEL, OPzV, 280Ah)",4678
1739,"Аккумулятор Marathon L2V270 (AGM, 270Ah)",4652
1740,"Аккумулятор Marathon L2V270 V0 (AGM, 270Ah)",4652
1741,"Аккумулятор Fiamm LM/S 2900 для ИБП (OPzS, 2900Ah)",4634
1742,"Аккумулятор Fiamm LM/S 290 для ИБП (OPzS, 290Ah)",4634
1744,"Аккумулятор Fiamm 2SLA300 (AGM, 300Ah)",4634
1745,"Аккумулятор Fiamm LM/S 3260 для ИБП (OPzS, 3260Ah)",4634
1747,"Аккумулятор Sonnenschein Dryfit A602/3300 для ИБП (GEL, OPzV, 3300Ah)",4678
1750,"Аккумулятор Fiamm 2SLA330 (AGM, 330Ah)",4634
1752,"Аккумулятор Fiamm SMG 330 для ИБП (GEL, 330Ah)",4634
1753,"Аккумулятор Fiamm SMG 3350 для ИБП (GEL, 3350Ah)",4634
1754,"Аккумулятор Sonnenschein Dryfit A602/335 для ИБП (GEL, OPzV, 335Ah)",4678
1756,"Аккумулятор Marathon L2V320 (AGM, 320Ah)",4652
1757,"Аккумулятор Marathon L2V320 V0 (AGM, 320Ah)",4652
1758,"Аккумулятор Fiamm LM/S 360 для ИБП (OPzS, 360Ah)",4634
1759,"Аккумулятор Fiamm LM/S 3625 для ИБП (OPzS, 3625Ah)",4634
1761,"Аккумулятор Fiamm SMG 380 для ИБП (GEL, 380Ah)",4634
1764,"Аккумулятор Fiamm 2SLA405/4 (AGM, 400Ah)",4634
1766,"Аккумулятор Marathon L2V375 (AGM, 375Ah)",4652
1767,"Аккумулятор Marathon L 2V375 V0 (AGM, 375Ah)",4652
1768,"Аккумулятор Sonnenschein Dryfit A602/415 для ИБП (GEL, OPzV, 415Ah)",4678
1772,"Аккумулятор Marathon L2V425 (AGM, 425Ah)",4652
1773,"Аккумулятор Marathon L2V425 V0 (AGM, 425Ah)",4652
1774,"Аккумулятор Sonnenschein Dryfit A602/500 для ИБП (GEL, OPzV, 500Ah)",4678
1776,"Аккумулятор Marathon L2V470 (AGM, 470Ah)",4652
1777,"Аккумулятор Marathon L2V470 V0 (AGM, 470Ah)",4652
1778,"Аккумулятор Sonnenschein Dryfit A602/415 Solar для ИБП (GEL, OPzV, 415)",4678
1779,"Аккумулятор Marathon L2V520 (AGM, 520Ah)",4652
1780,"Аккумулятор Marathon L 2V520 V0 (AGM, 520Ah)",4652
1781,"Аккумулятор Sonnenschein Dryfit A602/580 для ИБП (GEL, OPzV, 580Ah)",4678
1783,"Аккумулятор Marathon L2V575 (AGM, 575Ah)",4652
1784,"Аккумулятор Marathon L2V575 V0 (AGM, 575Ah)",4652
1785,"Аккумулятор Sonnenschein Dryfit A602/500 Solar для ИБП (GEL, OPzV, 500Ah)",4678
1786,"Аккумулятор Sonnenschein Dryfit A602/750 Solar для ИБП (GEL, OPzV, 750Ah)",4678
1787,"Аккумулятор Sonnenschein Dryfit A602/750 для ИБП (GEL, OPzV, 750Ah)",4678
1789,"Аккумулятор Sonnenschein Dryfit A602/850 Solar для ИБП (GEL, OPzV, 850Ah)",4678
1791,"Аккумулятор Sonnenschein Dryfit A602/1010 для ИБП (GEL, OPzV, 998Ah)",4678
2260,"Аккумулятор Fiamm FG20086 (AGM, 0.8Ah)",4634
2295,Батарея аккумуляторная 40KL-160 P (без электролита) (ЗАИТ),4705
2296,Батарея аккумуляторная 40KL-160 P (с электролитом) (ЗАИТ),4705
2298,Батарея аккумуляторная 40KL-160 PK (с электролитом) (ЗАИТ),4705
2299,Батарея аккумуляторная 40KL-180 P (без электролита) (ЗАИТ),4705
2300,Батарея аккумуляторная 40KL-180 P (с электролитом) (ЗАИТ),4705
2301,Батарея аккумуляторная 40KL-250 P (без электролита) (ЗАИТ),4705
2302,Батарея аккумуляторная 40KL-250 P (с электролитом) (ЗАИТ),4705
2303,Батарея аккумуляторная 40KL-250 PK (без электролита) (ЗАИТ),4705
2304,Батарея аккумуляторная 40KL-250 PK (с электролитом) (ЗАИТ),4705
2305,Батарея аккумуляторная 40KL-300 P (без электролита) (ЗАИТ),4705
2306,Батарея аккумуляторная 40KL-300 P (с электролитом) (ЗАИТ),4705
2314,Батарея аккумуляторная 4НК- 55П (без электролита) (ЗАИТ),4705
2315,Батарея аккумуляторная 50KH-150 P (с электролитом) (ЗАИТ),4705
2316,Батарея аккумуляторная 50KH-220 PK (без электролита) (ЗАИТ),4705
2317,Батарея аккумуляторная 50KH-220 PK (с электролитом) (ЗАИТ),4705
2319,Батарея аккумуляторная 5KL- 55 P (5НК 55П),4701
2320,Батарея аккумуляторная 5KL- 80 P (5НК 80П),4701
2321,Батарея аккумуляторная 5KL-125 P (5НК 125П),4701
2322,Батарея аккумуляторная 5KM-100P,4704
2323,Батарея аккумуляторная 5KPL- 70P (без электролита) (ЗАИТ),4705
2324,Батарея аккумуляторная 5KPL- 70P (с электролитом) (ЗАИТ),4705
2325,Батарея аккумуляторная 5НК- 55П (без электролита) (ЗАИТ),4705
2327,Батарея аккумуляторная 5НК- 80-III (без электролита) (ЗАИТ),4705
2328,Батарея аккумуляторная 5НК-125 (без электролита) (ЗАИТ),4705
2329,Батарея аккумуляторная 5НК-125П-III (без электролита) (ЗАИТ),4705
2339,Батарея аккумуляторная 72KH-220 P (без электролита) (ЗАИТ),4705
2340,Батарея аккумуляторная 72KH-220 P (с электролитом) (ЗАИТ),4705
2341,Батарея аккумуляторная 75KH-150 P (без электролита) (ЗАИТ),4705
2342,Батарея аккумуляторная 75KH-150 P (с электролитом) (ЗАИТ),4705
2343,Батарея аккумуляторная 75KPH-150 P (без электролита) (ЗАИТ),4705
2344,Батарея аккумуляторная 75KPH-150 P (с электролитом) (ЗАИТ),4705
2348,Батарея аккумуляторная 84KL-160 P (без электролита) (ЗАИТ),4705
2349,Батарея аккумуляторная 84KL-160 P (с электролитом) (ЗАИТ),4705
2350,Батарея аккумуляторная 84КМ-300 Р,4701
2351,Батарея аккумуляторная 90KGL- 60 P (с электролитом) (ЗАИТ),4705
2352,Батарея аккумуляторная 90KGL-300 P (с электролитом) (ЗАИТ),4705
2353,Батарея аккумуляторная 90KL-180 P (без электролита) (ЗАИТ),4705
2354,Батарея аккумуляторная 90KL-180 P (с электролитом) (ЗАИТ),4705
2355,Батарея аккумуляторная 90KL-250 P (без электролита) (ЗАИТ),4705
2356,Батарея аккумуляторная 90KL-250 PК (без электролита) (ЗАИТ),4705
2357,Батарея аккумуляторная 90KL-250 PК (с электролитом) (ЗАИТ),4705
2358,Батарея аккумуляторная 90KL-300 P (без электролита) (ЗАИТ),4705
2359,Батарея аккумуляторная 90KL-300 P (с электролитом) (ЗАИТ),4705
2364,Батарея аккумуляторная 90КМ-260 Р,4701
2368,Батарея аккумуляторная 9НКЛБ-70 (без электролита) (ЗАИТ),4705
2389,Батарея аккумуляторная Гарантия 14/24-1,4699
2725,"Аккумулятор Yuasa NP 1.2-6 (AGM, 1.2Ah)",4697
2727,"Аккумулятор General Security GS 1.3-6 (AGM, 1.3Ah)",4637
2728,"Аккумулятор General Security GSL 1.3-6 (AGM, 1.3Ah)",4637
2730,"Аккумулятор Leoch DJW 6-1.3 (AGM, 1.3Ah)",4649
2731,"Аккумулятор WBR GP 613 (AGM, 1.3Ah)",4690
2732,"Аккумулятор CSB GP121000 (AGM, 100Ah)",4619
2733,"Аккумулятор CSB GPL121000 (AGM, 100Ah)",4619
2735,"Аккумулятор General Security GS 100-12 (AGM, 100Ah)",4637
2736,"Аккумулятор Leoch DJM 12100 (100Ah, 12V)",4649
2737,"Аккумулятор Leoch DJM 6100 (AGM, 100Ah)",4649
2738,"Аккумулятор Marathon M12V105FT (AGM, 100Ah)",4652
2739,"Аккумулятор Marathon M12V105FT V0 (AGM, 100Ah)",4652
2743,"Аккумулятор Sonnenschein Dryfit Solar Block SB 12/100 для ИБП (GEL, 100Ah)",4678
2744,"Аккумулятор WBR GPL 121000 (AGM, 100Ah)",4690
2746,"Аккумулятор Yuasa NPL 100-12 (AGM, 100Ah)",4697
2747,"Аккумулятор Восток PRO TC-12100 (AGM, 100Ah)",4702
2748,"Аккумулятор Восток PRO СX-12100 (AGM, 100Ah)",4702
2749,"Аккумулятор Восток PRO СК-12100 (AGM, 100Ah)",4702
2751,"Аккумулятор Sonnenschein A706/105 для ИБП (GEL, 105Ah)",4678
2754,"Аккумулятор Восток PRO TC-12105 (AGM, 105Ah)",4702
2755,"Аккумулятор Sonnenschein A506/10 S для ИБП (GEL, 10Ah)",4678
2757,"Аккумулятор Yuasa SWL3300 (AGM, 110Ah)",4697
2759,"Аккумулятор Marathon L6V110 (AGM, 110Ah)",4652
2760,"Аккумулятор Marathon L6V110 V0 (AGM, 112Ah)",4652
2761,"Аккумулятор Leoch DJM 12120 (AGM, 120Ah)",4649
2762,"Аккумулятор Security Force SF 12120 (AGM, 120Ah)",4676
2769,"Аккумулятор Marathon M12V125FT (AGM, 125Ah)",4652
2770,"Аккумулятор Marathon M12V125FT V0 (AGM, 125Ah)",4652
2771,"Аккумулятор Sprinter P6V1700 (AGM, 122Ah)",4681
2773,"Аккумулятор CSB TPL121250 (AGM, 125Ah)",4619
2774,"Аккумулятор Восток PRO TC-12125 (AGM, 125Ah)",4702
2775,"Аккумулятор Sonnenschein A706/126 для ИБП (GEL, 126Ah)",4678
2778,"Аккумулятор CSB GP6120 F2 (AGM, 12Ah)",4619
2780,"Аккумулятор General Security GS 12-6 (AGM, 12Ah)",4637
2782,"Аккумулятор General Security GSL 12-6 (AGM, 12Ah)",4637
2784,"Аккумулятор Leoch DJW 6-12 (AGM, 12Ah)",4649
2789,"Аккумулятор WBR GP 6120 (AGM, 12Ah)",4690
2790,"Аккумулятор WBR HR 1251W (AGM, 12Ah)",4690
2791,"Аккумулятор Yuasa NP 12-6 (AGM, 12Ah)",4697
2794,"Аккумулятор Sonnenschein Dryfit Solar Block SB 12/130 A для ИБП (GEL, 130Ah)",4678
2795,"Аккумулятор Sonnenschein Dryfit Solar S 12/130 A для ИБП (GEL, 130Ah)",4678
2796,"Аккумулятор WBR GPL 121300 (AGM, 130Ah)",4690
2797,"Аккумулятор Yuasa NPL 130-6lFR (AGM, 130Ah)",4697
2798,"Аккумулятор Sprinter S12V500 (AGM, 131Ah)",4681
2800,"Аккумулятор Sonnenschein A612/150 для ИБП (GEL, 150Ah)",4678
2802,"Аккумулятор Sprinter S12V550NGF V0 (AGM, 139Ah)",4681
2803,"Аккумулятор CSB HR1251W F2 (AGM, 13Ah)",4619
2804,"Аккумулятор Marathon L12V15 (AGM, 15Ah)",4652
2806,"Аккумулятор Leoch DJM 12140 (AGM, 140Ah)",4649
2808,"Аккумулятор Sonnenschein A706/140 для ИБП (GEL, 140Ah)",4678
2809,"Аккумулятор Yuasa SWL1850-6FR (AGM, 150Ah)",4697
2810,"Аккумулятор CSB TPL121500 (AGM, 150Ah)",4619
2811,"Аккумулятор Leoch DJM 12150 (AGM, 150Ah)",4649
2812,"Аккумулятор Leoch DJM 6150 (AGM, 150Ah)",4649
2813,"Аккумулятор Marathon M12V155FT (AGM, 155Ah)",4652
2814,"Аккумулятор Marathon M12V155FT V0 (AGM, 150Ah)",4652
2815,"Аккумулятор Sprinter S6V740 (AGM, 150Ah)",4681
2816,"Аккумулятор WBR GPL 121500 (AGM, 150Ah)",4690
2817,"Аккумулятор WBR TPL 121500 (AGM, 150Ah)",4690
2818,"Аккумулятор Восток PRO TC-12150 (AGM, 150Ah)",
2820,"Аккумулятор Sprinter XP12V4400FT (AGM, 155Ah)",4681
2822,"Аккумулятор WBR TPL 121550 (AGM, 155Ah)",4690
2823,"Аккумулятор Sonnenschein A406/165 A для ИБП (GEL, 165Ah)",4678
2827,"Аккумулятор Marathon M12V180FT V0 (AGM, 180Ah)",4652
2828,"Аккумулятор Sonnenschein A706/175 для ИБП (GEL, 175Ah)",4678
2830,"Аккумулятор Security Force SF 1217 (AGM, 17Ah)",4676
2831,"Аккумулятор Sonnenschein Dryfit Solar S 12/17 G5 для ИБП (GEL, 17Ah)",4678
2833,"Аккумулятор Yuasa NP 17-12I (AGM, 17Ah)",4697
2834,"Аккумулятор Leoch DJM 12180 (AGM, 180Ah)",4649
2839,"Аккумулятор Yuasa SWL2500-6 (AGM, 180Ah)",4697
2840,"Аккумулятор Восток PRO TC-12180 (AGM, 180Ah)",4702
2843,"Аккумулятор Sonnenschein Dryfit Solar Block SB 12/185 A для ИБП (GEL, 185Ah)",4678
2848,"Аккумулятор Alarm Force FB 18-12 (AGM, 18Ah)",4609
2849,"Аккумулятор General Security GS 18-12 для ИБП (AGM, 18Ah)",4637
2850,"Аккумулятор General Security GSL 18-12 (AGM, 18Ah)",4637
2855,"Аккумулятор Sprinter XP6V2800 (AGM, 195Ah)",4681
2858,"Аккумулятор Optimus OP 12022 (AGM, 2.2Ah)",4663
2859,"Аккумулятор Security Force SF 12022 (AGM, 2.2Ah)",4676
2860,"Аккумулятор General Security GS 2.3-12 (AGM, 2.3Ah)",4637
2861,"Аккумулятор General Security GSL 2.3-12 (AGM, 2.3Ah)",4637
2865,"Аккумулятор CSB HRL1210W F2FR (AGM, 2.6Ah)",4619
2866,"Аккумулятор Fiamm FG20271 (AGM, 2.7Ah)",4634
2867,"Аккумулятор General Security GS 2.8-6 (AGM, 2.8Ah)",4637
2868,"Аккумулятор General Security GSL 2.8-6 (AGM, 2.8Ah)",4637
2869,"Аккумулятор Leoch DJW 6-2.8 (AGM, 2.8Ah)",4649
2870,"Аккумулятор Fiamm 12FLB800 P (AGM, 200Ah)",4634
2871,"Аккумулятор Fiamm 12FGL205 (AGM, 205Ah)",4634
2872,"Аккумулятор Fiamm 4SLA200 (AGM, 200Ah)",4634
2873,"Аккумулятор Fiamm 6FLB800 (AGM, 200Ah)",4634
2874,"Аккумулятор Fiamm 6SLA200 (AGM, 200Ah)",4634
2875,"Аккумулятор Fiamm FG2M009 (AGM, 200Ah)",4634
2876,"Аккумулятор General Security GSL 200-12 (AGM, 200Ah)",4637
2877,"Аккумулятор Leoch DJM 12200 (AGM, 200Ah)",4649
2878,"Аккумулятор Leoch DJM 6200 (AGM, 200Ah)",4649
2879,"Аккумулятор Marathon M6V200FT (AGM, 200Ah)",4652
2880,"Аккумулятор Marathon M6V200FT V0 (AGM, 200Ah)",4652
2882,"Аккумулятор Sonnenschein Dryfit Solar Block SB 6/200 A для ИБП (GEL, 200Ah)",4678
2883,"Аккумулятор WBR GPL 122000 (AGM, 200Ah)",4690
2884,"Аккумулятор Yuasa NPL200-6 (AGM, 200Ah)",4697
2885,"Аккумулятор Восток PRO СX-12200 (AGM, 200Ah)",4702
2886,"Аккумулятор Восток PRO СК-12200 (AGM, 200Ah)",4702
2888,"Аккумулятор CSB GP12200 (AGM, 20Ah)",4619
2889,"Аккумулятор CSB HRL1280W FR (AGM, 20Ah)",4619
2890,"Аккумулятор Delta CT 1220 (AGM, 20Ah)",4622
2893,"Аккумулятор Sonnenschein A706/210 для ИБП (GEL, 210Ah)",4678
2894,"Аккумулятор Sonnenschein A706/21 для ИБП (GEL, 21Ah)",4678
2895,"Аккумулятор Yuasa SWL750 (AGM, 23Ah)",4697
2896,"Аккумулятор Delta DTM 12230 L (AGM, 230Ah)",4622
2897,"Аккумулятор Sonnenschein Dryfit Solar S 12/230 A для ИБП (GEL, 230Ah)",4678
2898,"Аккумулятор Sonnenschein A704/245 для ИБП (GEL, 245Ah)",4678
2899,"Аккумулятор Fiamm 12SLA26 (AGM, 24Ah)",4634
2901,"Аккумулятор Marathon L12V24 (AGM, 24Ah)",4652
2905,"Аккумулятор Yuasa NP 24-12I (AGM, 24Ah)",4697
2906,"Аккумулятор Yuasa NPL 24-12l (AGM, 24Ah)",4697
2907,"Аккумулятор Delta DTM 12250 L (AGM, 250Ah)",4622
2908,"Аккумулятор Leoch DJM 12250 (AGM, 250Ah)",4649
2909,"Аккумулятор MNB MNG 250-12 для ИБП (GEL, 250Ah)",4656
2910,"Аккумулятор Восток PRO СК-12250 (AGM, 250Ah)",4702
2913,"Аккумулятор CSB GPL12260 (AGM, 26Ah)",4619
2917,"Аккумулятор Fiamm 12FLB100 P (AGM, 26Ah)",4634
2918,"Аккумулятор General Security GS 26-12 (AGM, 26Ah)",4637
2919,"Аккумулятор General Security GSL 26-12 (AGM, 26Ah)",4637
2930,"Аккумулятор Fiamm 12FGL27 (AGM, 27Ah)",4634
2931,"Аккумулятор Fiamm FG22703 (AGM, 27Ah)",4634
2932,"Аккумулятор Sonnenschein Dryfit Solar S 12/27 G5 для ИБП (GEL, 27Ah)",4678
2933,"Аккумулятор Sonnenschein A704/280 для ИБП (GEL, 280Ah)",4678
2934,"Аккумулятор CSB HRL12110W FR (AGM, 28Ah)",4619
2938,"Аккумулятор MNB MМ 28-12 (AGM, 28Ah)",4656
2939,"Аккумулятор Fiamm FG10301 (AGM, 3Ah)",4634
2941,"Аккумулятор Delta DTM 6032 (AGM, 3.2Ah)",4622
2942,"Аккумулятор General Security GS 3.2-12 (AGM, 3.2Ah)",4637
2943,"Аккумулятор General Security GS 3.2-6 (AGM, 3.2Ah)",4637
2945,"Аккумулятор General Security GSL 3.2-12 (AGM, 3.2Ah)",4637
2946,"Аккумулятор General Security GSL 3.2-6 (AGM, 3.2Ah)",4637
2948,"Аккумулятор Leoch DJW 6-3.2 (AGM, 3.2Ah)",4649
2949,"Аккумулятор MNB MS 3.2-6 F1 (AGM, 3.2Ah)",4656
2950,"Аккумулятор WBR GP 632 (AGM, 3.2Ah)",4690
2953,"Аккумулятор MNB MS 3.3-12 F1 (AGM, 3.3Ah)",4656
2954,"Аккумулятор Fiamm FG20341(AGM, 3.4Ah)",4634
2960,"Аккумулятор Fiamm FG10381 (AGM, 3.8Ah)",4634
2962,"Аккумулятор CSB HR12120W (AGM, 30Ah)",4619
2963,"Аккумулятор Delta CT 1230 (AGM, 30Ah)",4622
2964,"Аккумулятор Fiamm 12SLA30 (AGM, 30Ah)",4634
2969,"Аккумулятор Sonnenschein Dryfit Solar S 12/32 G6 для ИБП (GEL, 32Ah)",4678
2970,"Аккумулятор Sonnenschein Dryfit Solar Block SB 6/330 A для ИБП (GEL, 330Ah)",4678
2975,"Аккумулятор General Security GS 33-12 (AGM, 33Ah)",4637
2976,"Аккумулятор General Security GSL 33-12 (AGM, 33Ah)",4637
2978,"Аккумулятор Marathon L12V32 (AGM, 32Ah)",4652
2979,"Аккумулятор Marathon L12V32 V0 (AGM, 32Ah)",4652
2980,"Аккумулятор MNB MM 33-12 (AGM, 33Ah)",4656
2981,"Аккумулятор MNB MNG 33-12 для ИБП (GEL, 33Ah)",4656
2982,"Аккумулятор Восток PRO СК-1233 (AGM, 33Ah)",4702
2983,"Аккумулятор CSB GP12340 (AGM, 34Ah)",4619
2985,"Аккумулятор Marathon M12V35FT (AGM, 35Ah)",4652
2986,"Аккумулятор Marathon M12V35FT V0 (AGM, 35Ah)",4652
2987,"Аккумулятор Marathon M12V40 (AGM, 37Ah)",4652
2988,"Аккумулятор Marathon M12V40 F V0 (AGM, 37Ah)",4652
2989,"Аккумулятор Leoch DJM 1238 (AGM, 38Ah)",4649
2990,"Аккумулятор CSB HRL12150W (AGM, 38Ah)",4619
2991,"Аккумулятор MNB MM 38-12 (AGM, 38Ah)",4656
2993,"Аккумулятор Yuasa NP 38–12I (AGM, 38Ah)",4697
2994,"Аккумулятор Yuasa NPL 38–12l (AGM, 38Ah)",4697
2995,"Аккумулятор Delta CT 1204 (AGM, 4Ah)",4622
2996,"Аккумулятор WBR GP 640 (AGM, 4Ah)",4690
3026,"Аккумулятор Alarm Force FB 40-12 (AGM, 40Ah)",4609
3031,"Аккумулятор Fiamm 12FIT40 (AGM, 40Ah)",4634
3032,"Аккумулятор Fiamm 12FLB150 P (AGM, 40Ah)",4634
3033,"Аккумулятор General Security GS 40-12 (AGM, 40Ah)",4637
3034,"Аккумулятор General Security GSL 40-12 (AGM, 40Ah)",4637
3035,"Аккумулятор MNB MNG 40-12 для ИБП (GEL, 40Ah)",4656
3040,"Аккумулятор Sprinter S12V170 (AGM, 40Ah)",4681
3042,"Аккумулятор Yuasa SWL1100 (AGM, 40Ah)",4697
3044,"Аккумулятор Sonnenschein Dryfit Solar S 12/41 A для ИБП (GEL, 41Ah)",4678
3048,"Аккумулятор Fiamm FG24204 (AGM, 42Ah)",4634
3050,"Аккумулятор Panasonic LC-P1242AP (AGM, 42Ah)",4664
3051,"Аккумулятор Panasonic LC-QA1242AP (AGM, 42Ah)",4664
3052,"Аккумулятор Sonnenschein A706/42 для ИБП (GEL, 42Ah)",4678
3057,"Аккумулятор Marathon M12V50FT (AGM, 47Ah)",4652
3058,"Аккумулятор Marathon M12V50FT V0 (AGM, 50Ah)",4652
3079,"Аккумулятор Fiamm 12SLA50L (AGM, 50Ah)",4634
3080,"Аккумулятор Leoch DJM 1250 (AGM, 50Ah)",4649
3085,"Аккумулятор Восток PRO TC-1250 (AGM, 50Ah)",4702
3086,"Аккумулятор CSB GPL12520 (AGM, 52Ah)",4619
3087,"Аккумулятор CSB HRL12200W FR (AGM, 52Ah)",4619
3088,"Аккумулятор Marathon XL12V50 (AGM, 50Ah)",4652
3089,"Аккумулятор Marathon XL12V50 V0 (AGM, 55Ah)",4652
3094,"Аккумулятор Fiamm 12FLB200 P (AGM, 55Ah)",4634
3096,"Аккумулятор Leoch DJM 1255 (AGM, 55Ah)",4649
3097,"Аккумулятор MNB MM 55-12 (AGM, 55Ah)",4656
3098,"Аккумулятор MNB MNG 55-12 для ИБП (GEL, 55Ah)",4656
3099,"Аккумулятор MNB MR 55-12FT (AGM, 55Ah)",4656
3101,"Аккумулятор WBR GPL 12520 (AGM, 55Ah)",4690
3102,"Аккумулятор Yuasa SWL1800 (AGM, 55Ah)",4697
3103,"Аккумулятор Восток PRO СК-1255 (AGM, 55Ah)",4702
3108,"Аккумулятор CSB HRL1223W F2FR (AGM, 6Ah)",4619
3111,"Аккумулятор Panasonic UP-VW1228P1 (AGM, 6Ah)",4664
3116,"Аккумулятор Panasonic UP-VWA1232P2 (AGM, 6.6Ah)",4664
3117,"Аккумулятор Sonnenschein Dryfit Solar S 12/6.6 S для ИБП (GEL, 6.6Ah)",4678
3119,"Аккумулятор Fiamm 12FGL33 (AGM, 33Ah)",4634
3129,"Аккумулятор CSB GP12650 (AGM, 65Ah)",4619
3132,"Аккумулятор Fiamm FG26505 (AGM, 65Ah)",4634
3133,"Аккумулятор Fiamm FG26507 (AGM, 65Ah)",4634
3134,"Аккумулятор General Security GS 65-12 (AGM, 65Ah)",4637
3135,"Аккумулятор General Security GSL 65-12 (AGM, 65Ah)",4637
3137,"Аккумулятор MNB MM 65-12 (AGM, 65Ah)",4656
3138,"Аккумулятор MNB MNG 65-12 для ИБП (GEL, 65Ah)",4656
3139,"Аккумулятор Panasonic LC-X1265PG (AGM, 65Ah)",4664
3145,"Аккумулятор WBR GP 12650 (AGM, 65Ah)",4690
3146,"Аккумулятор Yuasa NP 65–12I (AGM, 65Ah)",4697
3147,"Аккумулятор Yuasa NPL 65-12l (AGM, 65Ah)",4697
3149,"Аккумулятор Yuasa SWL1850 (AGM, 65Ah)",4697
3150,"Аккумулятор Sprinter S12V285 (AGM, 67Ah)",4681
3152,"Аккумулятор Sprinter S12V300 (AGM, 69Ah)",4681
3158,"Аккумулятор General Security GS 7-6 (AGM, 7Ah)",4637
3159,"Аккумулятор General Security GSL 7-6 (AGM, 7Ah)",4637
3161,"Аккумулятор Leoch DJW 6-7 (AGM, 7Ah)",4649
3162,"Аккумулятор MNB MS 7-6 F1 (AGM, 7Ah)",4656
3163,"Аккумулятор Optimus OP 1207 (AGM, 7Ah)",4663
3164,"Аккумулятор Panasonic UP-VW1236P1 (AGM, 7Ah)",4664
3165,"Аккумулятор Security Force SF 1207 (AGM, 7Ah)",4676
3166,"Аккумулятор Yuasa NP 7-6 (AGM, 7Ah)",4697
3167,"Аккумулятор Yuasa NP 7-12 (AGM, 7Ah)",4697
3168,"Аккумулятор Alarm Force FB 7.2-12 (AGM, 7.2Ah)",4609
3178,"Аккумулятор Fiamm 12FGHL28 (AGM, 7.2Ah)",4634
3179,"Аккумулятор Fiamm  FG10721 (AGM, 7.2Ah)",4634
3180,"Аккумулятор Fiamm FG20721 (AGM, 7.2Ah)",4634
3182,"Аккумулятор General Security GS 7.2-12 F1 (AGM, 7.2Ah)",4637
3183,"Аккумулятор General Security GSL 7.2-12 F1 (AGM, 7.2Ah)",4637
3185,"Аккумулятор MNB MS 7.2-12 F2 (AGM, 7.2Ah)",4656
3189,"Аккумулятор Panasonic LC-R067R2P (AGM, 7.2Ah)",4664
3190,"Аккумулятор Panasonic LC-R067R2P1 (AGM, 7.2Ah)",4664
3191,"Аккумулятор Panasonic LC-R127R2PG (AGM, 7.2Ah)",4664
3195,"Аккумулятор WBR GP 672 (AGM, 7.2Ah)",4690
3199,"Аккумулятор Fiamm 12FGL70/L (AGM, 70Ah)",4634
3200,"Аккумулятор Fiamm 12FLB250 P (AGM, 70Ah)",4634
3201,"Аккумулятор Fiamm FG27004 (AGM, 70Ah)",4634
3203,"Аккумулятор Panasonic LC-QA1270P (AGM, 70Ah)",4664
3204,"Аккумулятор Panasonic LC-T1270P (AGM, 70Ah)",4664
3206,"Аккумулятор CSB HRL12280W (AGM, 72Ah)",4619
3207,"Аккумулятор Marathon M12V70 (AGM, 72Ah)",4652
3208,"Аккумулятор Marathon M12V70 V0 (AGM, 72Ah)",4652
3209,"Аккумулятор Marathon XL12V70 (AGM, 72Ah)",4652
3210,"Аккумулятор Marathon XL12V70 V0 (AGM, 72Ah)",4652
3211,"Аккумулятор CSB GPL12750 (AGM, 75Ah)",4619
3212,"Аккумулятор Delta DT 1275 (AGM, 75Ah)",4622
3217,"Аккумулятор Fiamm 12FLB300P (AGM, 75Ah)",4634
3218,"Аккумулятор Leoch DJM 1275 (AGM, 75Ah)",4649
3219,"Аккумулятор  MNB MM 75-12 (AGM, 75Ah)",4656
3220,"Аккумулятор MNB MNG 75-12 для ИБП (GEL, 75Ah)",4656
3221,"Аккумулятор MNB MR 65-12FT (AGM, 65Ah)",4656
3222,"Аккумулятор Panasonic LC-P1275P (AGM, 75Ah)",4664
3223,"Аккумулятор Sonnenschein Dryfit Solar Block SB 12/75 A для ИБП (GEL, 75Ah)",4678
3224,"Аккумулятор WBR GPL 12750 (AGM, 75Ah)",4690
3225,"Аккумулятор WBR HRL 12280W (AGM, 75Ah)",4690
3226,"Аккумулятор Восток PRO СК-1275 (AGM, 75Ah)",4702
3227,"Аккумулятор Yuasa SWL2250 (AGM, 76Ah)",4697
3228,"Аккумулятор Yuasa NPL78–12lFR (AGM, 78Ah)",4697
3229,"Аккумулятор Yuasa SWL2300E (AGM, 78Ah)",4697
3236,"Аккумулятор Yuasa NPW 45-12 (AGM, 8.5Ah)",4697
3241,"Аккумулятор Fiamm 12SLA80L (AGM, 80Ah)",4634
3242,"Аккумулятор Fiamm FG28009 (AGM, 80Ah)",4634
3243,"Аккумулятор MNB MR 80-12FT (AGM, 80Ah)",4656
3244,"Аккумулятор Восток PRO TC-1280 (AGM, 80Ah)",4702
3249,"Аккумулятор Sonnenschein Dryfit Solar S 12/85 A для ИБП (GEL, 85Ah)",4678
3250,"Аккумулятор Marathon M12V90FT (AGM, 90Ah)",4652
3251,"Аккумулятор Marathon M12V90FT V0 (AGM, 90Ah)",4652
3252,"Аккумулятор Sprinter S12V370 (AGM, 87Ah)",4681
3254,"Аккумулятор CSB GPL12880 (AGM, 88Ah)",4619
3255,"Аккумулятор Marathon M12V90 (AGM, 90Ah)",4652
3256,"Аккумулятор Marathon M12V90 F V0 (AGM, 90Ah)",4652
3259,"Аккумулятор CSB HRL634W F2 (AGM, 9Ah)",4619
3260,"Аккумулятор Delta CT 1209 (AGM, 9Ah)",4622
3267,"Аккумулятор Fiamm 12FGHL34 (AGM, 9Ah)",4634
3268,"Аккумулятор General Security GS 9-12 (AGM, 9Ah)",4637
3269,"Аккумулятор General Security GSL 9-12 (AGM, 9Ah)",4637
3274,"Аккумулятор Delta DTM 1290 L (AGM, 90Ah)",4622
3277,"Аккумулятор Fiamm 12FIT90 (AGM, 90Ah)",4634
3278,"Аккумулятор Leoch DJM 1290 (AGM, 90Ah)",4649
3281,"Аккумулятор MNB MNG 90-12 для ИБП (GEL, 90Ah)",4656
3285,"Аккумулятор Sonnenschein Dryfit Solar S 12/90 A для ИБП (GEL, 90Ah)",4678
3286,"Аккумулятор Yuasa SWL2500 (AGM, 90Ah)",
3287,"Аккумулятор Yuasa SWL2500FR (AGM, 90Ah)",4697
3288,"Аккумулятор Восток PRO СК-1290 (AGM, 90Ah)",4702
3289,"Аккумулятор Sonnenschein A612/100 для ИБП (GEL, 91Ah)",4678
3293,"Аккумулятор Fiamm 12FLB350P (AGM, 95Ah)",4634
4729,Источник бесперебойного питания Hiden Expert UDC9201S,25016
4805,"Аккумулятор Panasonic LC-CA1212P1 (AGM, 12Ah)",4664
20091,"Аккумулятор APC RBC4 (AGM, 12Ah)",20089
20092,"Аккумулятор APC RBC2 (AGM, 7Ah)",20089
20094,"Аккумулятор APC RBC110 (AGM, 7Ah)",20089
20095,"Аккумулятор APC RBC6 (AGM, 12Ah)",20089
20096,"Аккумулятор APC RBC55 (AGM, 17Ah)",20089
20097,"Аккумулятор APC RBC48 (AGM, 7Ah)",20089
20098,"Аккумулятор APC RBC34 (AGM, 9Ah)",20089
20099,"Аккумулятор APC RBC22 (AGM, 7Ah)",20089
20104,"Аккумулятор APC RBC106 (AGM, 6Ah)",20089
20105,"Аккумулятор APC RBC105 (AGM, 72Ah)",20089
20120,"Аккумулятор Delta DTM 12250 I (AGM, 250Ah)",4622
20154,"Аккумулятор Delta XPERT HRL 12-980 W (AGM, 220Ah)",
20155,"Аккумулятор Delta XPERT HRL 12-830 W (AGM, 192Ah)",
20157,"Аккумулятор Delta XPERT HRL 12-630 W (AGM, 140Ah)",
20158,"Аккумулятор Delta XPERT HRL 12-570 W (AGM, 120Ah)",
20160,"Аккумулятор Delta XPERT HRL 12-460 W (AGM, 90Ah)",
20163,"Аккумулятор Delta XPERT HRL 12-890 W (AGM, 200Ah)",
20165,"Аккумулятор Delta XPERT HRL 12-600 W (AGM, 134Ah)",
20166,"Аккумулятор Delta XPERT HRL 12-560 W (AGM, 120Ah)",
20167,"Аккумулятор Delta XPERT HRL 12-420 W (AGM, 90 Ah)",
20168,"Аккумулятор Delta XPERT HRL 12-370 W (AGM, 80 Ah)",
20169,"Аккумулятор Delta XPERT HRL 12-320 W (AGM, 75Ah)",
20174,"Аккумулятор Delta XPERT FTS 12-80 X (AGM, 80Ah)",
20177,"Аккумулятор Delta XPERT FTS 12-125 X (AGM, 125Ah)",
20178,"Аккумулятор Delta XPERT FTS 12-140 X (AGM, 140Ah)",
20181,"Аккумулятор Delta XPERT STC 100 (AGM, 100Ah)",4622
20182,"Аккумулятор Delta XPERT STC 150 (AGM, 150Ah)",4622
20183,"Аккумулятор Delta XPERT STC 200 (AGM, 200Ah)",4622
20184,"Аккумулятор Delta XPERT STC 300 (AGM, 300Ah)",4622
20185,"Аккумулятор Delta XPERT STC 400 (AGM, 400Ah)",4622
20187,"Аккумулятор Delta XPERT STC 600 (AGM, 600Ah)",4622
20188,"Аккумулятор Delta XPERT STC 800 (AGM, 800Ah)",4622
20189,"Аккумулятор Delta XPERT SRC 1000 (AGM, 1000Ah)",4622
20190,"Аккумулятор Delta XPERT STC 1500 (AGM, 1500Ah)",4622
20192,"Аккумулятор Delta XPERT STC 3000 (AGM, 3000Ah)",4622
23782,"Аккумулятор APC RBC113 (AGM, 7Ah)",20089
23783,"Внешний батарейный блок APC SRT96RMBP (AGM, 10.2Ah)",20089
23784,"Внешний батарейный блок APC SRV72RLBP-9A (AGM, 108Ah)",20089
23785,"Аккумулятор APCRBC133 для ИБП APC (GEL, 9Ah)",20089
23786,"Аккумулятор APCRBC132 для ИБП APC (GEL, 7.2Ah)",20089
23787,"Внешний батарейный блок APC SMX48RMBP2U (GEL, 22Ah)",20089
23788,"Внешний батарейный блок APC SURT48RMXLBP (GEL, 22Ah)",20089
23789,"Внешний батарейный блок APC SUA48RMXLBP3U (GEL, 34Ah)",20089
23790,"Внешний батарейный блок APC SRT72BP (GEL, 10.2Ah)",20089
23792,"Внешний батарейный блок APC SRT72RMBP (AGM, 10.2Ah)",20089
23794,"Аккумулятор APC SYBT5 (AGM, 7.2Ah)",20089
23795,"Аккумулятор APC RBC59 (AGM, 7Ah)",20089
23796,"Аккумулятор APC RBC33 (AGM, 9Ah)",20089
23797,"Аккумулятор APC RBC32 (AGM, 7Ah)",20089
23798,"Аккумулятор APC RBC27 (AGM, 7Ah)",20089
23800,"Аккумулятор APC RBC12 (AGM, 56Ah)",20089
23801,"Внешний батарейный блок APC BR24BPG (AGM, 15.5Ah)",20089
23802,"Внешний батарейный блок APC SRT96BP (AGM, 10.2Ah)",20089
23804,"Аккумулятор APC RBC116 (AGM, 36Ah)",20089
23805,"Внешний батарейный блок APC SRT48BP (AGM, 12.4Ah)",20089
23806,"Аккумулятор APC RBC148 (AGM, 34Ah)",20089
23807,"Аккумулятор APC RBC142 (AGM, 7Ah)",20089
23811,"Аккумулятор APC RBC31 (AGM, 9Ah)",20089
23812,"Внешний батарейный блок APC SRT48RMBP (AGM, 12.4Ah)",20089
23813,"Внешний батарейный блок APC SYBTU2-PLP (AGM, 9Ah)",20089
23814,"Внешний батарейный блок APC SYBTU1-PLP (AGM, 7.2Ah)",20089
23816,"Аккумулятор APC RBC151 (GEL, 40Ah)",20089
23817,"Аккумулятор APC RBC150 (GEL, 36Ah)",20089
23819,"Аккумулятор RBC14 для ИБП APC (GEL, 75Ah)",20089
23820,"Аккумулятор APCRBC136 для ИБП APC (GEL, 5Ah)",20089
23821,"Аккумулятор APCRBC135 для ИБП APC (GEL, 5Ah)",20089
23822,"Аккумулятор RBC11 для ИБП APC (GEL, 17Ah)",20089
23823,"Аккумулятор RBC9 для ИБП APC (GEL, 7Ah)",20089
23824,"Аккумулятор APC RBC8 (GEL, 7.5Ah)",20089
23825,"Аккумулятор RBC47 для ИБП APC (GEL, 3.2Ah)",20089
23826,"Аккумулятор RBC46 для ИБП APC (GEL, 5.5Ah)",20089
23827,"Аккумулятор RBC40 для ИБП APC (GEL, 7Ah)",20089
23828,"Аккумулятор RBC30 для ИБП APC (GEL, 5Ah)",20089
23829,"Аккумулятор RBC3 для ИБП APC (GEL, 12Ah)",20089
23830,"Аккумулятор RBC29 для ИБП APC (GEL, 4.5Ah)",20089
23831,"Аккумулятор RBC24 для ИБП APC (GEL, 9Ah)",20089
23832,"Внешний батарейный блок APC SURT48XLBP (GEL, 22Ah)",20089
23833,"Внешний батарейный блок APC SUM48RMXLBP2U (AGM, 22Ah)",20089
23834,"Внешний батарейный блок APC SU24R2XLBP (GEL, 34Ah)",20089
23835,"Внешний батарейный блок APC SUA48XLBP (GEL, 34Ah)",20089
23836,"Внешний батарейный блок APC SUA24XLBP (GEL, 34Ah)",20089
23837,"Внешний батарейный блок APC XBP48RM1U-LI (AGM, 12.2Ah)",20089
23838,"Внешний батарейный блок APC UXABP48 (GEL, 70Ah)",20089
23839,"Внешний батарейный блок APC SURT192RMXLBP2 (AGM, 11Ah)",20089
23841,"Аккумулятор APC RBC5 (AGM, 7.5Ah)",20089
23842,"Аккумулятор APC RBC25 (AGM, 7Ah)",20089
23843,"Аккумулятор APC RBC18 (AGM, 9Ah)",20089
23844,"Аккумулятор APC RBC109 (AGM, 9Ah)",20089
24517,"Аккумулятор EnerSys Cyclon BC Cell (AGM, 25 Ah)",4629
24523,"Аккумулятор EnerSys Cyclon 0810-0123 (AGM, 2.5Ah, 4V)",4629
24526,"Аккумулятор EnerSys Cyclon 0810-0011 (AGM, 2.5Ah, 6V)",4629
24527,"Аккумулятор EnerSys Cyclon 0810-0077 (AGM, 2.5Ah, 6V)",4629
24530,"Аккумулятор EnerSys Cyclon 0810-0102 (AGM, 2.5Ah, 6V)",4629
24531,"Аккумулятор EnerSys Cyclon 0810-0103 (AGM, 2.5Ah, 6V)",4629
24532,"Аккумулятор EnerSys Cyclon 0820-0014 (AGM, 25Ah, 6V)",4629
24539,"Аккумулятор EnerSys Cyclon 0810-0104 (AGM, 2.5Ah, 8V)",4629
24540,"Аккумулятор EnerSys Cyclon 0810-0105 (AGM, 2.5Ah, 8V)",4629
24559,"Аккумулятор EnerSys Cyclon 0820-0020 (AGM, 25Ah, 12V)",4629
24572,"Аккумулятор EnerSys Cyclon Monobloc 0819-0012 (AGM, 2.5Ah, 6V)",4629
24573,"Аккумулятор EnerSys Cyclon Monobloc 0819-0014 (AGM, 2.5Ah, 8V)",4629
24575,"Аккумулятор EnerSys Cyclon Monobloc 0819-0019 (AGM, 2.5Ah, 8V)",4629
24578,"Аккумулятор EnerSys Cyclon Monobloc 0819-0032 (AGM, 2.5Ah, 24V)",4629
24579,"Аккумулятор EnerSys Cyclon Monobloc 0819-1006 (AGM, 2.5Ah, 6V)",4629
25017,Источник бесперебойного питания Hiden Control HS20-3024P,25016
25018,Источник бесперебойного питания Hiden Control HS20-1012P,25016
25019,Источник бесперебойного питания Hiden Control HS20-2024P,25016
25020,Источник бесперебойного питания Hiden Control HS20-4048P,25016
25021,Источник бесперебойного питания Hiden Control HS20-5048P,25016
25022,Источник бесперебойного питания Hiden Control HPS30-1512,25016
25023,Источник бесперебойного питания Hiden Control HPS30-2012,25016
25024,Источник бесперебойного питания Hiden Control HPS30-3024,25016
25025,Источник бесперебойного питания Hiden Control HPS20-0312N,25016
25026,Источник бесперебойного питания Hiden Control HPS20-0612N,25016
25027,Источник бесперебойного питания Hiden Control HPS20-1012N,25016
25028,Источник бесперебойного питания Hiden Expert UDC9206H,25016
25029,Источник бесперебойного питания Hiden Expert UDC92010H,25016
25030,Источник бесперебойного питания Hiden Control HS20-5548 Pro,25016
25031,Источник бесперебойного питания Hiden Control HPS20-1012,25016
25032,Источник бесперебойного питания Hiden Control HPS20-0612,25016
25033,Источник бесперебойного питания Hiden Control HPS20-0312,25016
25034,Источник бесперебойного питания Hiden KU9110-RT,25016
25035,Источник бесперебойного питания Hiden KU9106-RT,25016
25036,Источник бесперебойного питания Hiden KU910H,25016
25037,Источник бесперебойного питания APC Easy UPS BV 500 ВА,20089
25038,Источник бесперебойного питания APC Easy UPS BV 650 ВА,20089
25039,Источник бесперебойного питания APC Easy UPS BV 800 ВА,20089
25040,Источник бесперебойного питания APC Easy UPS BV 1000 ВА,20089
25041,Источник бесперебойного питания APC Back UPS Pro BR 650VA,20089
25042,Источник бесперебойного питания APC Back UPS Pro BR 900VA,20089
25043,Источник бесперебойного питания APC Back UPS 650VA,20089
25044,Источник бесперебойного питания APC Smart UPS 750VA USB,20089
25045,Источник бесперебойного питания APC Back UPS 950VA,20089
25047,Источник бесперебойного питания APC Easy UPS BVX 700VA,20089
25048,Источник бесперебойного питания APC Easy UPS BVX 900VA,20089
25049,Источник бесперебойного питания APC Easy UPS BVX 1200VA,20089
25050,Источник бесперебойного питания APC Easy UPS BVX 2200VA,20089
25051,Источник бесперебойного питания APC Back UPS 850VA,20089
25052,Источник бесперебойного питания APC Back UPS 750VA,20089
25053,Источник бесперебойного питания APC Smart UPS SC 620VA,20089
25055,Источник бесперебойного питания APC Easy UPS On-Line SRV RM 1000ВА,20089
25058,Источник бесперебойного питания APC Easy UPS On-Line SRV 1000ВА,20089
25059,Источник бесперебойного питания APC Smart-UPS 750VA USB & Serial,20089
25060,Источник бесперебойного питания APC Smart-UPS 750ВА,20089
25063,Источник бесперебойного питания APC Easy UPS On-Line SRV 2000ВА,20089
25064,Источник бесперебойного питания APC Smart-UPS X 750VA Rack/Tower LCD,20089
25069,Источник бесперебойного питания APC Smart-UPS SRT 1500ВА,20089
25074,Источник бесперебойного питания CyberPower UTC650E,25073
25077,Источник бесперебойного питания CyberPower UTC650EI,25073
25078,Источник бесперебойного питания CyberPower UTC675EI,25073
25079,Источник бесперебойного питания CyberPower UTI875EI,25073
25080,Источник бесперебойного питания CyberPower BU600E,25073
25081,Источник бесперебойного питания CyberPower UTC850EI,25073
25082,Источник бесперебойного питания CyberPower UTC850E,25073
25083,Источник бесперебойного питания CyberPower UT650EG,25073
25084,Источник бесперебойного питания CyberPower UT650EIG,25073
25085,Источник бесперебойного питания CyberPower UT850E,25073
25086,Источник бесперебойного питания CyberPower UTI875E,25073
25087,Источник бесперебойного питания CyberPower BU725E,25073
25088,Источник бесперебойного питания CyberPower UT850EG,25073
25089,Источник бесперебойного питания CyberPower UT850EIG,25073
25090,Источник бесперебойного питания CyberPower BU850E,25073
25091,Источник бесперебойного питания CyberPower BS450,25073
25092,Источник бесперебойного питания CyberPower BS650E,25073
25093,Источник бесперебойного питания CyberPower BS850E,25073
25094,Источник бесперебойного питания CyberPower Professional Rackmount PR2200,25073
25095,Источник бесперебойного питания CyberPower Professional Rackmount PR1000,25073
25096,Источник бесперебойного питания CyberPower Online OL1500,25073
25097,Источник бесперебойного питания CyberPower Online OL2000,25073
25098,Источник бесперебойного питания CyberPower Online OL1000,25073
25100,Источник бесперебойного питания CyberPower Professional PR3000 LCD,25073
25101,Источник бесперебойного питания CyberPower PR3000,25073
25102,Источник бесперебойного питания CyberPower PR2200,25073
25103,Источник бесперебойного питания CyberPower CPS7500PRO,25073
25104,Источник бесперебойного питания CyberPower CPS3500PRO,25073
25105,Источник бесперебойного питания CyberPower CPS5000PRO,25073
25106,Источник бесперебойного питания CyberPower CPS1500PIE,25073
25107,Источник бесперебойного питания CyberPower CPS1000E,25073
25109,Источник бесперебойного питания IPPON Back Basic 650,25108
25110,Источник бесперебойного питания IPPON Back Basic 650 Euro,25108
25111,Источник бесперебойного питания IPPON Back Basic 650 S Euro,25108
25112,Источник бесперебойного питания IPPON Back Office 400,25108
25113,Источник бесперебойного питания IPPON Back Basic 850,25108
25114,Источник бесперебойного питания IPPON Back Office 600,25108
25115,Источник бесперебойного питания IPPON Back Basic 850 Euro,25108
25116,Источник бесперебойного питания IPPON Back Basic 850 S Euro,25108
25117,Источник бесперебойного питания IPPON Back Verso New 400,25108
25118,Источник бесперебойного питания IPPON Back Verso New 600,25108
25119,Источник бесперебойного питания IPPON Back Power Pro II 500,25108
25120,Источник бесперебойного питания IPPON Back Verso 800,25108
25123,Источник бесперебойного питания IPPON Back Power Pro II 650 Euro,25108
25124,Источник бесперебойного питания IPPON Back Power Pro II 600,25108
25125,Источник бесперебойного питания IPPON Back Power Pro II 700,25108
25127,Источник бесперебойного питания IPPON Back Comfo Pro II 650,25108
25128,Источник бесперебойного питания IPPON Back Comfo Pro II 850,25108
25129,Источник бесперебойного питания IPPON Back Power Pro II 800,25108
25130,Источник бесперебойного питания IPPON Back Office 1000,25108
25131,Источник бесперебойного питания IPPON Back Power Pro II 850 Euro,25108
25132,Источник бесперебойного питания IPPON Back Comfo Pro II 1050,25108
25133,Источник бесперебойного питания IPPON Smart Power Pro II 1200,25108
25134,Источник бесперебойного питания IPPON Back Basic 2200 Euro,25108
25135,Источник бесперебойного питания IPPON Back Basic 1500,25108
25136,Источник бесперебойного питания IPPON Back Basic 1500 Euro,25108
25137,Источник бесперебойного питания IPPON Back Basic 2200,25108
25138,Источник бесперебойного питания IPPON Smart Power Pro II 1200 Euro,25108
25139,Источник бесперебойного питания IPPON Smart Power Pro II 1600,25108
25140,Источник бесперебойного питания IPPON Smart Power Pro II 1600 Euro,25108
25141,Источник бесперебойного питания IPPON Smart Power Pro II 2200 Euro,25108
25142,Источник бесперебойного питания IPPON Smart Power Pro II 2200,25108
25145,Источник бесперебойного питания IPPON Smart Winner II 1000,25108
25147,Источник бесперебойного питания IPPON Smart Winner II 1150,25108
25148,Источник бесперебойного питания IPPON Smart Winner II 1500,25108
25150,Источник бесперебойного питания IPPON Smart Winner II 1550,25108
25151,Источник бесперебойного питания IPPON Smart Winner II 1500 Euro,25108
25153,Источник бесперебойного питания IPPON Innova 2000 G2,25108
25154,Источник бесперебойного питания IPPON Innova 3000 G2,25108
25156,Источник бесперебойного питания IPPON Innova Modular Cabinet 200K,25108
25157,Источник бесперебойного питания IPPON Innova RT 33 60K Tower,25108
25158,Источник бесперебойного питания IPPON Innova RT 33 40K Tower,25108
25159,Источник бесперебойного питания IPPON Innova RT 33 80K Tower,25108
25160,Источник бесперебойного питания IPPON Innova RT 33 20K Tower,25108
25161,Источник бесперебойного питания IPPON Innova Modular 25K,25108
25162,Источник бесперебойного питания IPPON Innova RT Tower 3/1 20 kVA,25108
25163,Источник бесперебойного питания IPPON Innova RT Tower 3/1 10 kVA,25108
25165,Источник бесперебойного питания Kiper Power Online 1K RM,25164
25166,Источник бесперебойного питания Kiper Power A1000 USB,25164
25167,Источник бесперебойного питания Kiper Power A2000,25164
25168,Источник бесперебойного питания Kiper Power A850,25164
25169,Источник бесперебойного питания Kiper Power Online ONE 10K RM,25164
25170,Источник бесперебойного питания Kiper Power Online 3K+ RM,25164
25171,Источник бесперебойного питания Kiper Power Online 3P 100K,25164
25172,Источник бесперебойного питания Kiper Power Compact 1000,25164
25173,Источник бесперебойного питания Kiper Power Online 2K,25164
25174,Источник бесперебойного питания Kiper Power Online 3K,25164
25176,Источник бесперебойного питания Powercom RPT-2000AP LCD,25175
25177,Источник бесперебойного питания Powercom Macan MRT-10K,25175
25178,Источник бесперебойного питания Powercom Spider SPD-1100U LCD USB,25175
25179,Источник бесперебойного питания Powercom RPT-600AP SE2,25175
25180,Источник бесперебойного питания Powercom VGD-II-60K33,25175
25181,Источник бесперебойного питания Powercom VGD-II-15K33,
25182,Источник бесперебойного питания Powercom Sentinel SNT-1000,25175
25183,Источник бесперебойного питания Powercom Raptor RPT-2000AP SE,25175
25184,Источник бесперебойного питания Powercom Raptor RPT-800AP Euro,25175
25185,Источник бесперебойного питания Powercom RPT-600A Euro,25175
25186,Источник бесперебойного питания Powercom Smart Rack&Tower SRT-3000A LCD,25175
25187,Источник бесперебойного питания Powercom King Pro RM KIN-3000AP LCD,25175
25188,Источник бесперебойного питания Powercom SPD-850E Cube,25175
25189,Источник бесперебойного питания Powercom Macan Comfort MRT-3000 SE,25175
25190,Источник бесперебойного питания Powercom SPIDER SPD-1100U LCD,25175
25191,Источник бесперебойного питания Powercom Smart King Pro+ SPT-700-II,25175
25192,Источник бесперебойного питания Powercom Smart King Pro+ SPR-3000 LCD,25175
25193,Источник бесперебойного питания Powercom Smart King Pro+ SPT-3000-II LCD,25175
25194,Источник бесперебойного питания Powercom Macan MRT-1500 SE,25175
25195,Источник бесперебойного питания Powercom RPT-1500AP LCD,25175
25196,Источник бесперебойного питания Powercom RPT-1025AP LCD,25175
25197,Источник бесперебойного питания Powercom Macan MRT-6000,25175
25198,Источник бесперебойного питания Powercom Macan MAC-6000,25175
25199,Источник бесперебойного питания Powercom INF-1100,25175
25200,Источник бесперебойного питания Powercom INF-1500,25175
25201,Источник бесперебойного питания Powercom King Pro+ SPT-3000,25175
25202,Источник бесперебойного питания Powercom King Pro+ SPR-3000,25175
25203,Источник бесперебойного питания Powercom Raptor RPT-2000AP,25175
25204,Источник бесперебойного питания Powercom INF-800,25175
25205,Источник бесперебойного питания Powercom Spider SPD-1000N,25175
25206,Источник бесперебойного питания Powercom Raptor RPT-800A,25175
25207,Источник бесперебойного питания Powercom Spider SPD-850E,25175
25208,Источник бесперебойного питания Powercom Smart King Pro+ SPT-500,25175
25209,Источник бесперебойного питания Powercom Infinity INF-500,25175
25210,Источник бесперебойного питания Powercom Vanguard RM VRT-10K,25175
25211,Источник бесперебойного питания Powercom Macan MAS-1000,25175
25212,Источник бесперебойного питания Powercom Raptor RPT-800A Euro,25175
25213,Источник бесперебойного питания Powercom Vanguard VGS-10K 10000VA,25175
25214,Источник бесперебойного питания Powercom Macan MAS-3000,25175
25215,Источник бесперебойного питания Powercom Macan MAS-2000,25175
25216,Источник бесперебойного питания Powercom Raptor RPT-1500AP,25175
25217,Источник бесперебойного питания Powercom Raptor RPT-1025AP,25175
25218,Источник бесперебойного питания Powercom Raptor RPT-1000AP,25175
25219,Источник бесперебойного питания Powercom Vanguard RM VRT-1000XL,25175
25220,Источник бесперебойного питания Powercom Vanguard VGS-3000XL,25175
25221,Источник бесперебойного питания Powercom Imperial IMD-3000AP,25175
25222,Источник бесперебойного питания Powercom Imperial IMP-3000AP,25175
25223,Источник бесперебойного питания Powercom Raptor RPT-1000A,25175
25224,Источник бесперебойного питания Powercom Raptor RPT-600A,25175
25225,Источник бесперебойного питания Powercom WOW-850U,25175
25226,Источник бесперебойного питания Powercom WOW-700U,25175
25227,Источник бесперебойного питания Powercom WOW-500U,25175
25228,Источник бесперебойного питания Powercom WOW-300,25175
25229,Источник бесперебойного питания Powercom WOW-1000U,25175
25230,Источник бесперебойного питания Powercom Smart KING RT SRT-3000A,25175
25231,Источник бесперебойного питания Powercom SMART KING RT SRT-1000A,25175
25232,Источник бесперебойного питания Powercom Spider SPD-850U,25175
25233,Источник бесперебойного питания Powercom Spider SPD-650U,25175
25234,Источник бесперебойного питания Powercom Spider SPD-1000U,25175
25236,Источник бесперебойного питания Eaton 5PX 2200i RT3U G2,25235
25237,Источник бесперебойного питания Eaton 5PX 1500i RT2U G2,25235
25238,Источник бесперебойного питания Eaton Powerware 9130 1500RM,25235
25239,Источник бесперебойного питания Eaton 9E2000I,25235
25240,Источник бесперебойного питания Eaton 9SX3000IR,25235
25241,Источник бесперебойного питания Eaton 9SX3000I,25235
25242,Источник бесперебойного питания Eaton 5SC 3000 RT,25235
25243,Источник бесперебойного питания Eaton 5SC 2200 RT,25235
25244,Источник бесперебойного питания Eaton 5E DIN 850VA,25235
25245,Источник бесперебойного питания Eaton 5E DIN 650VA,25235
25246,Источник бесперебойного питания Eaton 5E IEC 1100VA,25235
25247,Источник бесперебойного питания Eaton 9SX 6000VA,25235
25250,Источник бесперебойного питания Eaton 5P 1550VA,25235
25251,Источник бесперебойного питания Eaton 5P 1150VA 1U,25235
25252,Источник бесперебойного питания Eaton 5P 850VA,25235
25255,Источник бесперебойного питания Eaton 5P 1150VA,25235
25256,Источник бесперебойного питания Eaton 5P 650VA,25235
25260,Источник бесперебойного питания Eaton 5S 700VA,
25261,Источник бесперебойного питания Eaton 5S 550VA,25235
25263,Источник бесперебойного питания CrownMicro CMUS-185 Euro Smart,25262
25264,Источник бесперебойного питания CrownMicro CMUS-165 Euro Smart,25262
25265,Источник бесперебойного питания CrownMicro CMU-SP2000 Euro USB,25262
25266,Источник бесперебойного питания CrownMicro CMU-SP650 Combo,25262
25267,Источник бесперебойного питания CrownMicro CMUOA-300X-3K,25262
25268,Источник бесперебойного питания CrownMicro Optima II CMUO-900-1.1K,25262
25269,Источник бесперебойного питания CrownMicro CMU-500X,25262
25270,Источник бесперебойного питания CrownMicro CMU-500X IEC,25262
25271,Источник бесперебойного питания CrownMicro CMU-650X IEC,25262
25272,Источник бесперебойного питания CrownMicro CMU-650X,25262
25274,Источник бесперебойного питания Энергия Гарант-500,25273
25275,Источник бесперебойного питания Энергия Гарант-750,25273
25276,Источник бесперебойного питания Энергия Гарант-1000,25273
25277,Источник бесперебойного питания Энергия Про-1000,25273
25278,Источник бесперебойного питания Энергия 600,25273
25280,Источник бесперебойного питания SVEN Pro 1500,25279
25281,Источник бесперебойного питания SVEN Pro+ 650,25279
25282,Источник бесперебойного питания SVEN Pro 650,25279
25283,Источник бесперебойного питания SVEN Pro+ 1000,25279
25284,Источник бесперебойного питания SVEN Pro+ 1500,25279
25285,Источник бесперебойного питания SVEN RT-1000,25279
25286,Источник бесперебойного питания SVEN RT-500,25279
25287,Источник бесперебойного питания SVEN Pro 1000,25279
25288,Источник бесперебойного питания SVEN Pro 800,25279
25289,Источник бесперебойного питания SVEN Pro 600,25279
25291,Источник бесперебойного питания ExeGate SpecialPro UNB-900,25290
25292,Источник бесперебойного питания ExeGate SpecialPro UNB-650,25290
25293,Источник бесперебойного питания ExeGate Power Back BNB-650,25290
25294,Источник бесперебойного питания ExeGate SpecialPro UNB-1000,25290
25295,Источник бесперебойного питания ExeGate PowerExpert ULS-3000,25290
25296,Источник бесперебойного питания ExeGate PowerExpert ULS-2000,25290
25297,Источник бесперебойного питания ExeGate SinePower UHB-3000,25290
25298,Источник бесперебойного питания ExeGate SinePower UHB-2000,25290
25299,Источник бесперебойного питания ExeGate SinePower UHB-1000,25290
25300,Источник бесперебойного питания ExeGate ServerRM UNL-1500,25290
25302,Источник бесперебойного питания FSP Custos One+ TW 3K,25301
25303,Источник бесперебойного питания FSP Custos One+ TW 2K,25301
25304,Источник бесперебойного питания FSP Custos One+ TW 1K,25301
25305,Источник бесперебойного питания FSP DP1500,25301
25306,Источник бесперебойного питания FSP DPV650,25301
25308,Источник бесперебойного питания IНЭЛТ Gamma 10KR IN10000Х9-GA-1,25307
25309,Источник бесперебойного питания IНЭЛТ Gamma 6KR IN6000Х9-GA-1,25307
25317,Источник бесперебойного питания IНЭЛТ СПИ ИБП-11-003-006-УХЛ4,25307
25320,Источник бесперебойного питания IНЭЛТ BETA 2К IN2000-ВЕ LCD,25307
25321,Источник бесперебойного питания IНЭЛТ СПИ ИБП-11-002-006-УХЛ4,25307
25323,Источник бесперебойного питания nJoy Renton 650 USB,25322
25324,Источник бесперебойного питания nJoy Renton 650,25322
25325,Источник бесперебойного питания nJoy Soter 600,25322
25326,Источник бесперебойного питания nJoy Keen 600,25322
25327,Источник бесперебойного питания nJoy Keen 600 USB,25322
25328,Источник бесперебойного питания nJoy Keen 800 USB,25322
25329,Источник бесперебойного питания nJoy Keen 1000,25322
25330,Источник бесперебойного питания nJoy Keen 1000 USB,25322
25331,Источник бесперебойного питания nJoy Horus Plus 600,25322
25332,Источник бесперебойного питания nJoy Horus Plus 1000,25322
25333,Источник бесперебойного питания nJoy Cadu 650,25322
25334,Источник бесперебойного питания nJoy Aster 1K,25322
25335,Источник бесперебойного питания nJoy Aster 2K,25322
25336,Источник бесперебойного питания nJoy Aster 3K,25322
25337,Источник бесперебойного питания nJoy Argus 1200,25322
25338,Источник бесперебойного питания nJoy Argus 2200,25322
25339,Источник бесперебойного питания nJoy Argus 3000,25322
25340,Источник бесперебойного питания nJoy Balder 1000,25322
25341,Источник бесперебойного питания nJoy Balder 2000,25322
25342,Источник бесперебойного питания nJoy Balder 3000,25322
25343,Источник бесперебойного питания nJoy Balder 6000,25322
25344,Источник бесперебойного питания nJoy Balder 10000,25322
25345,Источник бесперебойного питания nJoy Garun 10KL,25322
25346,Источник бесперебойного питания nJoy Garun 20KL,25322
25347,Источник бесперебойного питания nJoy Garun 40KL,25322
25348,Источник бесперебойного питания nJoy Garun 60KL,25322
25350,Источник бесперебойного питания EKF SSW-280,25349
25351,Источник бесперебойного питания EKF E-Power SW910Pro-T,25349
25352,Источник бесперебойного питания EKF E-Power Proxima SW910Pro-TB,25349
25353,Источник бесперебойного питания EKF E-Power Proxima SW930Pro-TB,25349
25354,Источник бесперебойного питания EKF PSW-H03,25349
25355,Источник бесперебойного питания EKF E-Power PSW-H16,25349
25356,Источник бесперебойного питания EKF PSW-HW25,25349
25357,Источник бесперебойного питания EKF E-Power Home 800 ВА Proxima SSW-800,25349
25359,Источник бесперебойного питания EnerGenie EG-UPS-PS3000-02,25358
25360,Источник бесперебойного питания EnerGenie EG-UPS-PS3000-01,25358
25361,Источник бесперебойного питания EnerGenie EG-UPS-PS2000-01,25358
25362,Источник бесперебойного питания EnerGenie Desktop EG-UPS-3SDT1000-01,25358
25363,Источник бесперебойного питания EnerGenie Desktop EG-UPS-3SDT800-01,25358
25364,Источник бесперебойного питания EnerGenie Desktop EG-UPS-3SDT600-01,25358
25366,Источник бесперебойного питания Kehua MY60,25365
25367,Источник бесперебойного питания Kehua MY40S,25365
25368,Источник бесперебойного питания Kehua MY20S,25365
25369,Источник бесперебойного питания Kehua MY15S,25365
25370,Источник бесперебойного питания Kehua KR15KVA-RM,25365
25828,"Аккумулятор Leoch FT12-40 (AGM, 40Ah)",4649
25830,"Аккумулятор Leoch FT12-40 (AGM, 70Ah)",4649
25831,"Аккумулятор Leoch FT12-75 (AGM, 75Ah)",4649
25832,"Аккумулятор Leoch FT12-90H (AGM, 90Ah)",4649
25836,"Аккумулятор Leoch FT12-150A (AGM, 150Ah)",4649
25837,"Аккумулятор Leoch FT12-180 (AGM, 12V, 180Ah)",4649
26046,"Аккумулятор Kiper GEL-12360 для ИБП (GEL, 36Ah)",25164
26047,"Аккумулятор Yuasa REC36-12I для ИБП (AGM, 36Ah)",4697
26048,"Аккумулятор EnerSys Powersafe 12V70 для ИБП (AGM, 68Ah)",4629
