Bitrix ID,Название (как на сайте),Ссылка на сайте,Категория (предложено),Цена BYN,В наличии,Бренд? (кандидат),MPN? (кандидат),1С/supplier ID (из 1С),SKU (из 1С),MPN подтв. (из 1С),Категория подтв. (из 1С)
3219,"Аккумулятор  MNB MM 75-12 (AGM, 75Ah)",https://microchips.by/catalog/akkumulyatory/dlya_ibp/agm/3219/,akb-dlya-ibp,439.5,Y,MNB,MM 75-12,,,,
23803,"Аккумулятор APC APCRBC152 (AGM, 48V, 36Ah)",https://microchips.by/catalog/akkumulyatory/dlya_ibp/agm/23803/,akb-dlya-ibp,2250,Y,APC,APCRBC152,,,,
20105,"Аккумулятор APC RBC105 (AGM, 72Ah)",https://microchips.by/catalog/akkumulyatory/dlya_ibp/agm/20105/,akb-dlya-ibp,2230.8,Y,APC,RBC105,,,,
20104,"Аккумулятор APC RBC106 (AGM, 6Ah)",https://microchips.by/catalog/akkumulyatory/dlya_ibp/agm/20104/,akb-dlya-ibp,254.8,Y,APC,RBC106,,,,
23844,"Аккумулятор APC RBC109 (AGM, 9Ah)",https://microchips.by/catalog/akkumulyatory/dlya_ibp/agm/23844/,akb-dlya-ibp,350,Y,APC,RBC109,,,,
20094,"Аккумулятор APC RBC110 (AGM, 7Ah)",https://microchips.by/catalog/akkumulyatory/dlya_ibp/agm/20094/,akb-dlya-ibp,348.9,Y,APC,RBC110,,,,
23804,"Аккумулятор APC RBC116 (AGM, 36Ah)",https://microchips.by/catalog/akkumulyatory/dlya_ibp/agm/23804/,akb-dlya-ibp,790,Y,APC,RBC116,,,,
23800,"Аккумулятор APC RBC12 (AGM, 56Ah)",https://microchips.by/catalog/akkumulyatory/dlya_ibp/agm/23800/,akb-dlya-ibp,2670,Y,APC,RBC12,,,,
20103,"Аккумулятор APC RBC123 (AGM, 7Ah)",https://microchips.by/catalog/akkumulyatory/dlya_ibp/agm/20103/,akb-dlya-ibp,380.85,Y,APC,RBC123,,,,
20102,"Аккумулятор APC RBC124 (AGM, 9Ah)",https://microchips.by/catalog/akkumulyatory/dlya_ibp/agm/20102/,akb-dlya-ibp,426.9,Y,APC,RBC124,,,,
20101,"Аккумулятор APC RBC140 (AGM, 5.5Ah)",https://microchips.by/catalog/akkumulyatory/dlya_ibp/agm/20101/,akb-dlya-ibp,3600.1,Y,APC,RBC140,,,,
23807,"Аккумулятор APC RBC142 (AGM, 7Ah)",https://microchips.by/catalog/akkumulyatory/dlya_ibp/agm/23807/,akb-dlya-ibp,685,Y,APC,RBC142,,,,
20093,"Аккумулятор APC RBC143 (AGM, 5Ah)",https://microchips.by/catalog/akkumulyatory/dlya_ibp/agm/20093/,akb-dlya-ibp,1765.7,Y,APC,RBC143,,,,
23806,"Аккумулятор APC RBC148 (AGM, 34Ah)",https://microchips.by/catalog/akkumulyatory/dlya_ibp/agm/23806/,akb-dlya-ibp,1280,Y,APC,RBC148,,,,
23817,"Аккумулятор APC RBC150 (GEL, 36Ah)",https://microchips.by/catalog/akkumulyatory/dlya_ibp/gelevye/23817/,akb-dlya-ibp,1230,Y,APC,RBC150,,,,
23816,"Аккумулятор APC RBC151 (GEL, 40Ah)",https://microchips.by/catalog/akkumulyatory/dlya_ibp/gelevye/23816/,akb-dlya-ibp,1270,Y,APC,RBC151,,,,
20100,"Аккумулятор APC RBC17 (AGM, 9Ah)",https://microchips.by/catalog/akkumulyatory/dlya_ibp/agm/20100/,akb-dlya-ibp,298.8,Y,APC,RBC17,,,,
23843,"Аккумулятор APC RBC18 (AGM, 9Ah)",https://microchips.by/catalog/akkumulyatory/dlya_ibp/agm/23843/,akb-dlya-ibp,780,Y,APC,RBC18,,,,
20092,"Аккумулятор APC RBC2 (AGM, 7Ah)",https://microchips.by/catalog/akkumulyatory/dlya_ibp/agm/20092/,akb-dlya-ibp,285.6,Y,APC,RBC2,,,,
20099,"Аккумулятор APC RBC22 (AGM, 7Ah)",https://microchips.by/catalog/akkumulyatory/dlya_ibp/agm/20099/,akb-dlya-ibp,705.3,Y,APC,RBC22,,,,
23799,"Аккумулятор APC RBC23 (AGM, 7Ah)",https://microchips.by/catalog/akkumulyatory/dlya_ibp/agm/23799/,akb-dlya-ibp,1990,Y,APC,RBC23,,,,
23842,"Аккумулятор APC RBC25 (AGM, 7Ah)",https://microchips.by/catalog/akkumulyatory/dlya_ibp/agm/23842/,akb-dlya-ibp,1730,Y,APC,RBC25,,,,
23798,"Аккумулятор APC RBC27 (AGM, 7Ah)",https://microchips.by/catalog/akkumulyatory/dlya_ibp/agm/23798/,akb-dlya-ibp,1320,Y,APC,RBC27,,,,
23811,"Аккумулятор APC RBC31 (AGM, 9Ah)",https://microchips.by/catalog/akkumulyatory/dlya_ibp/agm/23811/,akb-dlya-ibp,790,Y,APC,RBC31,,,,
23797,"Аккумулятор APC RBC32 (AGM, 7Ah)",https://microchips.by/catalog/akkumulyatory/dlya_ibp/agm/23797/,akb-dlya-ibp,510,Y,APC,RBC32,,,,
23796,"Аккумулятор APC RBC33 (AGM, 9Ah)",https://microchips.by/catalog/akkumulyatory/dlya_ibp/agm/23796/,akb-dlya-ibp,590,Y,APC,RBC33,,,,
20098,"Аккумулятор APC RBC34 (AGM, 9Ah)",https://microchips.by/catalog/akkumulyatory/dlya_ibp/agm/20098/,akb-dlya-ibp,1230.1,Y,APC,RBC34,,,,
20091,"Аккумулятор APC RBC4 (AGM, 12Ah)",https://microchips.by/catalog/akkumulyatory/dlya_ibp/agm/20091/,akb-dlya-ibp,455.3,Y,APC,RBC4,,,,
20090,"Аккумулятор APC RBC43 (AGM, 5Ah)",https://microchips.by/catalog/akkumulyatory/dlya_ibp/agm/20090/,akb-dlya-ibp,2345.3,Y,APC,RBC43,,,,
20097,"Аккумулятор APC RBC48 (AGM, 7Ah)",https://microchips.by/catalog/akkumulyatory/dlya_ibp/agm/20097/,akb-dlya-ibp,556.8,Y,APC,RBC48,,,,
23841,"Аккумулятор APC RBC5 (AGM, 7.5Ah)",https://microchips.by/catalog/akkumulyatory/dlya_ibp/agm/23841/,akb-dlya-ibp,470,Y,APC,RBC5,,,,
20096,"Аккумулятор APC RBC55 (AGM, 17Ah)",https://microchips.by/catalog/akkumulyatory/dlya_ibp/agm/20096/,akb-dlya-ibp,2035.3,Y,APC,RBC55,,,,
23795,"Аккумулятор APC RBC59 (AGM, 7Ah)",https://microchips.by/catalog/akkumulyatory/dlya_ibp/agm/23795/,akb-dlya-ibp,930,Y,APC,RBC59,,,,
20095,"Аккумулятор APC RBC6 (AGM, 12Ah)",https://microchips.by/catalog/akkumulyatory/dlya_ibp/agm/20095/,akb-dlya-ibp,1230.4,Y,APC,RBC6,,,,
20088,"Аккумулятор APC RBC7 (AGM, 17Ah)",https://microchips.by/catalog/akkumulyatory/dlya_ibp/agm/20088/,akb-dlya-ibp,1590.6,Y,APC,RBC7,,,,
23824,"Аккумулятор APC RBC8 (GEL, 7.5Ah)",https://microchips.by/catalog/akkumulyatory/dlya_ibp/gelevye/23824/,akb-dlya-ibp,1200,Y,APC,RBC8,,,,
23794,"Аккумулятор APC SYBT5 (AGM, 7.2Ah)",https://microchips.by/catalog/akkumulyatory/dlya_ibp/agm/23794/,akb-dlya-ibp,4650,Y,APC,SYBT5,,,,
23786,"Аккумулятор APCRBC132 для ИБП APC (GEL, 7.2Ah)",https://microchips.by/catalog/akkumulyatory/dlya_ibp/gelevye/23786/,akb-dlya-ibp,2230,Y,APC,APCRBC132,,,,
23785,"Аккумулятор APCRBC133 для ИБП APC (GEL, 9Ah)",https://microchips.by/catalog/akkumulyatory/dlya_ibp/gelevye/23785/,akb-dlya-ibp,1720,Y,APC,APCRBC133,,,,
23821,"Аккумулятор APCRBC135 для ИБП APC (GEL, 5Ah)",https://microchips.by/catalog/akkumulyatory/dlya_ibp/gelevye/23821/,akb-dlya-ibp,420,Y,APC,APCRBC135,,,,
23820,"Аккумулятор APCRBC136 для ИБП APC (GEL, 5Ah)",https://microchips.by/catalog/akkumulyatory/dlya_ibp/gelevye/23820/,akb-dlya-ibp,1724,Y,APC,APCRBC136,,,,
23818,"Аккумулятор APCRBC141 для ИБП APC (GEL, 5Ah)",https://microchips.by/catalog/akkumulyatory/dlya_ibp/gelevye/23818/,akb-dlya-ibp,1035,Y,APC,APCRBC141,,,,
2719,"Аккумулятор Alarm Force FB 1.2-12 (AGM, 1.2Ah)",https://microchips.by/catalog/akkumulyatory/dlya_ibp/agm/2719/,akb-dlya-ibp,20.12,Y,Alarm Force,FB 1.2-12,,,,
2776,"Аккумулятор Alarm Force FB 12-12 (AGM, 12Ah)",https://microchips.by/catalog/akkumulyatory/dlya_ibp/agm/2776/,akb-dlya-ibp,78.5,Y,Alarm Force,FB 12-12,,,,
2848,"Аккумулятор Alarm Force FB 18-12 (AGM, 18Ah)",https://microchips.by/catalog/akkumulyatory/dlya_ibp/agm/2848/,akb-dlya-ibp,114.25,Y,Alarm Force,FB 18-12,,,,
2999,"Аккумулятор Alarm Force FB 4.5-12 (AGM, 4.5Ah)",https://microchips.by/catalog/akkumulyatory/dlya_ibp/agm/2999/,akb-dlya-ibp,36.5,Y,Alarm Force,FB 4.5-12,,,,
3026,"Аккумулятор Alarm Force FB 40-12 (AGM, 40Ah)",https://microchips.by/catalog/akkumulyatory/dlya_ibp/agm/3026/,akb-dlya-ibp,202.65,Y,Alarm Force,FB 40-12,,,,
3168,"Аккумулятор Alarm Force FB 7.2-12 (AGM, 7.2Ah)",https://microchips.by/catalog/akkumulyatory/dlya_ibp/agm/3168/,akb-dlya-ibp,38.85,Y,Alarm Force,FB 7.2-12,,,,
1526,"Аккумулятор B.B. Battery BC 17-12 (AGM, 17Ah)",https://microchips.by/catalog/akkumulyatory/dlya_ibp/agm/1526/,akb-dlya-ibp,199,Y,B.B. Battery,BC 17-12,,,,
1645,"Аккумулятор B.B. Battery BC 7-12 (AGM, 7Ah)",https://microchips.by/catalog/akkumulyatory/dlya_ibp/agm/1645/,akb-dlya-ibp,81,Y,B.B. Battery,BC 7-12,,,,
