cluster_id,manufacturer_candidate,decision,reason_code,evidence,retry_condition
b.b. battery:12V72AH,B.B. Battery,hold,manufacturer_model_unverified,Wave 119 primary-source research: no exact BB Battery manufacturer datasheet/page located for the raw name '1272 12V/7.2Ah'; mapping to another BB variant would be inference.,Exact BB Battery source must name the model and confirm 12V/7.2Ah.
b.b. battery:BC1212,B.B. Battery,hold,exact_model_absent_from_primary_series,The manufacturer BC series page does not list BC 12-12; the local T2 terminal suffix must not be inferred from a different BC model.,"Official B.B. Battery page or datasheet naming BC 12-12 and, if required, its terminal suffix."
b.b. battery:BPX712,B.B. Battery,hold,exact_model_unverified,"The primary manufacturer site navigation establishes a BPX series, but this pass could not verify the exact BPX 7-12 model from an accessible manufacturer product page or datasheet.",Official B.B. Battery BPX 7-12 product page or datasheet.
b.b. battery:HR1234W,B.B. Battery,hold,primary_source_required,The primary HR series listing does not establish an exact B.B. Battery HR1234W model; similar model strings occur across other brands || https://www.bb-bat.com/en/HR.html,Obtain exact B.B. Battery HR1234W product page or manufacturer part-number datasheet.
b.b. battery:HRC1234W,B.B. Battery,hold,primary_source_required,HRC1234W and the F2 terminal construction are not established by the official B.B. Battery HR source || https://www.bb-bat.com/en/HR.html,Obtain exact HRC1234W manufacturer page and terminal specification.
b.b. battery:HRC5,B.B. Battery,hold,series_code_conflict,"The local record says HRC 5.5-12, while the primary manufacturer page establishes HR 5.5-12 and HRL 5.5-12 only. HRC must not be silently normalized.",Official B.B. Battery source naming HRC 5.5-12 or a manufacturer cross-reference from HRC to the current series.
b.b. battery:HRL9121,B.B. Battery,hold,primary_source_required,The local model suffix 9-121 does not exactly match the official HRL9-12 model and could be a data-entry variant || https://www.bb-bat.com/en/HRL.html,Normalize the source identity with a label
bae:2OPZV,BAE,hold,voltage_architecture_conflict,"Raw name says '12V 2OPzV 100'; Wave 119 found only BAE's family page (https://www.bae-berlin.de/en/station%C3%A4r), not an exact model source. A 12V claim cannot be reconciled with this cell-style model string without a primary source.",BAE datasheet or manufacturer configuration sheet must explicitly identify the item and its voltage/cell count.
bae:4OPZS200,BAE,hold,manufacturer_model_unverified,Wave 119: BAE primary family page confirms OPzS technology but no exact BAE 4OPzS200 data sheet; figures from another manufacturer are not transferable.,Exact BAE 4OPzS200 datasheet or manufacturer catalogue entry.
bae:SPZV110,BAE,hold,primary_source_required,The manufacturer source establishes BAE as a stationary industrial lead-battery producer but does not establish the exact imported SPzV 110 / 14V2 designation || https://www.bae-berlin.de/en/unternehmen,Obtain official BAE SPzV 110 technical datasheet or manufacturer part-number confirmation; do not substitute the different PzV 110 model.
csb:UPS12240,CSB,hold,primary_source_required,No official primary source was located for the exact UPS12240 model and the imported F2 suffix is a construction detail,Obtain current CSB UPS12240 datasheet or product page confirming the exact model and terminal.
csb:UPS122406,CSB,hold,exact_model_specs_unverified,"Official CSB manual lists UPS122406 but no product datasheet establishes voltage, capacity and F2 execution.",Official CSB UPS122406 datasheet.
delta:CT1208,Delta,hold,exact_model_source_not_located,No official Delta Battery product page or datasheet was located for the exact CT 1208 model.,Official Delta Battery product page or datasheet naming CT 1208.
delta:CT12101,Delta,hold,exact_model_source_not_located,No official Delta Battery product page or datasheet was located for the exact CT 12101 model.,Official Delta Battery product page or datasheet naming CT 12101.
delta:DT12008,Delta,hold,exact_model_source_not_located,No official Delta Battery product page or datasheet was located for the exact DT 12008 model.,Official Delta Battery product page or datasheet naming DT 12008.
delta:DTM12120,Delta,hold,exact_model_source_not_located,No official Delta Battery product page or datasheet was located for the exact DTM 12120 model.,Official Delta Battery product page or datasheet naming DTM 12120.
delta:DTM1265,Delta,hold,exact_model_source_not_located,No accessible official Delta Battery product page or datasheet was located for exact DTM 12-65.,Official Delta Battery product page or datasheet naming DTM 12-65.
delta:FT12125,Delta,hold,exact_legacy_model_source_not_located,No official Delta Battery primary page or datasheet was located for exact legacy FT12-125.,Official Delta Battery archive page or datasheet naming FT12-125.
delta:FT1290,Delta,hold,exact_legacy_model_source_not_located,No official Delta Battery primary page or datasheet was located for exact legacy FT12-90.,Official Delta Battery archive page or datasheet naming FT12-90.
delta:GEL12120,Delta,hold,exact_model_source_not_located,No official Delta Battery product page or datasheet was located for the exact GEL 12120 model.,Official Delta Battery product page or datasheet naming GEL 12120.
delta:GEL1245,Delta,hold,exact_model_source_not_located,No official Delta Battery product page or datasheet was located for the exact GEL 1245 model.,Official Delta Battery product page or datasheet naming GEL 1245.
delta:GEL1265,Delta,hold,exact_model_source_not_located,No official Delta Battery product page or datasheet was located for the exact GEL 1265 model.,Official Delta Battery product page or datasheet naming GEL 1265.
delta:GS1232,Delta,hold,exact_model_source_not_located,No official Delta Battery primary page or datasheet was located for exact GS12-32.,Official Delta Battery product page or datasheet naming GS12-32.
delta:GX12120,Delta,hold,exact_model_source_not_located,No official Delta Battery product page or datasheet was located for the exact GX 12120 model.,Official Delta Battery product page or datasheet naming GX 12120.
delta:GX1233,Delta,hold,exact_model_source_not_located,No accessible official Delta Battery product page or datasheet was located for exact GX 12-33 in this pass.,Official Delta Battery product page or datasheet naming GX 12-33.
delta:HR1218,Delta,hold,exact_model_source_not_located,No official Delta Battery product page or datasheet was located for the exact HR 1218 model.,Official Delta Battery product page or datasheet naming HR 1218.
delta:HR1221,Delta,hold,terminal_suffix_unverified,The raw name includes HR 1221 W F2. A source for the model core would not establish the F2 terminal suffix without the exact product drawing.,Official Delta Battery page or drawing naming HR 1221 W F2.
delta:HR1226,Delta,hold,exact_model_source_not_located,No official Delta Battery product page or datasheet was located for the exact HR 1226 model.,Official Delta Battery product page or datasheet naming HR 1226.
delta:HR1272,Delta,hold,exact_model_source_not_located,No accessible official Delta Battery product page or datasheet was located for exact HR 12-7.2.,Official Delta Battery product page or datasheet naming HR 12-7.2.
delta:HR69,Delta,hold,exact_model_source_not_located,No official Delta Battery product page or datasheet was located for the exact HR 69 model.,Official Delta Battery product page or datasheet naming HR 69.
delta:HRL1212,Delta,hold,exact_model_source_not_located,The exact legacy HRL 1212 suffix is not established by an official current Delta Battery source.,Official Delta Battery source naming the exact HRL 1212 variant and suffix.
delta:HRL1218,Delta,hold,exact_model_source_not_located,The exact legacy HRL 1218 suffix is not established by an official current Delta Battery source.,Official Delta Battery source naming the exact HRL 1218 variant and suffix.
delta:HRL1226,Delta,hold,exact_model_source_not_located,The exact legacy HRL 1226 suffix is not established by an official current Delta Battery source.,Official Delta Battery source naming the exact HRL 1226 variant and suffix.
delta:HRL1272,Delta,hold,exact_suffix_unverified,The raw name specifies HRL 12-7.2 X; no accessible official Delta Battery source was located for this exact X variant.,Official Delta Battery page or datasheet naming HRL 12-7.2 X.
delta:HRL1280,Delta,hold,exact_model_source_not_located,The exact legacy HRL 1280 suffix is not established by an official current Delta Battery source.,Official Delta Battery source naming the exact HRL 1280 variant and suffix.
delta:СТ1230,Delta,hold,model_code_script_ambiguous,The local model code starts with Cyrillic С rather than Latin C; it must not be silently normalized to a different Delta CT model.,Manufacturer label or official Delta Battery document that fixes the exact Latin model code.
energizer:AA2000MAH,Energizer,hold,primary_source_required,The exact Power Plus commercial model and stated capacity were not confirmed by an official primary source,Obtain Energizer part number or current official datasheet for this exact SKU.
energizer:AA2300MAH,Energizer,hold,primary_source_required,The exact Extreme commercial model and stated capacity were not confirmed by an official primary source,Obtain Energizer part number or current official datasheet for this exact SKU.
energizer:AAA700,Energizer,hold,primary_source_required,Wave 119 final cluster input marks identity_source=name_candidate+name_alias and research_gate=official_manufacturer_source_required; no exact manufacturer evidence recorded.,Exact Energizer source must match Reach Power Plus AAA 700/R03 and package/variant.
energizer:AAAE92,Energizer,hold,primary_source_required,"Primary datasheet identifies EN92; local name says E92, so the model code cannot be silently corrected. || https://data.energizer.com/pdfs/en92.pdf",Obtain a manufacturer document or product label that explicitly maps E92 to EN92.
energizer:AAALR03,Energizer,hold,primary_source_required,AAA LR03 is a size designation; source does not establish the exact local SKU or its 3-cell package || https://data.energizer.com/pdfs/en92.pdf,Obtain exact Energizer SKU or packaging identifier from 1C or manufacturer label.
energizer:ADVANCEDLR6,Energizer,hold,primary_source_required,No official primary source was found for this exact ECO Advanced LR6 commercial variant,Obtain manufacturer product code or official datasheet for ECO Advanced LR6.
energizer:C2500,Energizer,hold,primary_source_required,Wave 119 final cluster input marks identity_source=name_candidate+name_alias and research_gate=official_manufacturer_source_required; no exact manufacturer evidence recorded.,Exact Energizer source must match Recharge Power Plus C 2500/R14 and package/variant.
energizer:CR2450,Energizer,hold,primary_source_required,The cluster mixes an explicit contact variant; a base-cell source cannot prove terminal configuration || https://energizer.com/eu/uk/product/energizer-electronics-batteries-cr2032/,Split base and contact variants with manufacturer part numbers and official drawing.
energizer:CR2450VAN,Energizer,hold,primary_source_required,Suffix VAN is not confirmed by an official primary source,Obtain exact Energizer part number and official drawing or datasheet.
energizer:E300638700,Energizer,hold,primary_source_required,Wave 119 final cluster input marks identity_source=name_candidate+name_alias and research_gate=official_manufacturer_source_required; no exact manufacturer evidence recorded.,Exact Energizer source must match E300638700 and Industrial AA/LR6 package quantity.
energizer:EN91,Energizer,hold,primary_source_required,"Manufacturer EN91 datasheet is an alkaline Industrial AA/LR6 cell, while the local name says Ultimate Lithium. || https://data.energizer.com/pdfs/en91_industrial_na.pdf",Resolve whether the source record should be EN91 or L91 before applying any facts.
energizer:LR03,Energizer,hold,primary_source_required,No official primary source was found for this exact ECO Advanced LR03 commercial variant,Obtain manufacturer product code or official datasheet for ECO Advanced LR03.
energizer:LR03AAA,Energizer,hold,primary_source_required,Wave 119 final cluster input marks identity_source=name_candidate+name_alias and research_gate=official_manufacturer_source_required; no exact manufacturer evidence recorded.,Exact Energizer MAX LR03/AAA source with BP3+1 pack variant.
energizer:LR14,Energizer,hold,variant_or_bundle_ambiguous,Three members share generic LR14 while representative carries EN93 C Industrial; name-only evidence cannot choose product/package or safely merge members.,Exact Energizer EN93/LR14 manufacturer source and a product identifier for each member.
energizer:LR20,Energizer,hold,variant_or_bundle_ambiguous,Two members share generic LR20; representative is MAX D LR20 BL-2 but name-only evidence does not prove both are the same package.,Exact Energizer MAX D/LR20 manufacturer source and a product identifier for each member.
energizer:LR22,Energizer,hold,primary_source_required,EN22/LR22 correspondence and exact Industrial SKU were not confirmed by an official primary source,Obtain exact manufacturer part number or official LR22/EN22 datasheet.
energizer:LR6AA,Energizer,hold,variant_or_bundle_ambiguous,"Two members share generic LR6/AA; representative says Industrial BP10, but package identity is not proven for both records.",Exact Energizer Industrial LR6/AA manufacturer source and package identifiers for both members.
energizer:REACHERGE2500MAH,Energizer,hold,exact_commercial_variant_unverified,Official Energizer sources found do not identify the raw Recharge 2500 mAh AA commercial variant.,Exact Energizer AA 2500 mAh primary data sheet or product code.
energizer:БАТАРЕЙКА27A,Energizer,hold,primary_source_required,Wave 119 final cluster input has name-only identity and requires official manufacturer evidence.,Exact Energizer 27A source including voltage and pack variant.
energizer:ИНДУСТРИАЛЬНЫЕAALR6,Energizer,hold,primary_source_required,Wave 119 final cluster input has name-only identity and requires official manufacturer evidence.,Exact Energizer Industrial AA/LR6 DP1 source and package evidence.
energizer:ПИТАНИЯ23E,Energizer,hold,primary_source_required,Official source supports A23/E23A but not the local 23E designation as an exact model || https://energizer.com/eu/uk/product/energizer-electronic-batteries-a23-e23a/,Obtain package/label evidence mapping 23E to official model.
fanso:CR1225VBY2,FANSO,hold,exact_suffix_unverified,"Official FANSO current catalogue does not establish CR1225-VBY2, including the VBY2 terminal/pack suffix.",Official FANSO datasheet or product page naming CR1225-VBY2.
fanso:CR12AAWSC,Fanso,hold,primary_source_required,Wave 119 final cluster input has name-only identity and requires official manufacturer evidence.,"Exact Fanso CR1/2AA-WSC datasheet, including lead/terminal suffix."
fanso:CR14250,Fanso,hold,primary_source_required,Wave 119 final cluster input has name-only identity and requires official manufacturer evidence.,Exact Fanso CR14250/BLS-2 datasheet or manufacturer page.
fanso:CR142503FP,Fanso,hold,primary_source_required,Wave 119 final cluster input has name-only identity and requires official manufacturer evidence.,Exact Fanso CR14250/3FP datasheet including suffix.
fanso:CR14250E2PT,Fanso,hold,primary_source_required,Wave 119 final cluster input has name-only identity and requires official manufacturer evidence.,Exact Fanso CR14250E/2PT datasheet including suffix.
fanso:CR14250H2PF,Fanso,hold,primary_source_required,Wave 119 final cluster input has name-only identity and requires official manufacturer evidence.,Exact Fanso CR14250H/2PF datasheet including suffix.
fanso:CR14250H2PT,Fanso,hold,primary_source_required,Wave 119 final cluster input has name-only identity and requires official manufacturer evidence.,Exact Fanso CR14250H/2PT datasheet including suffix.
fanso:CR14250H3FP,FANSO,hold,exact_suffix_unverified,Official FANSO current catalogue did not establish the CR14250H/3FP chemistry and lead suffix as one exact model.,Official FANSO datasheet/product page for CR14250H/3FP.
fanso:CR14250H3PF,Fanso,hold,primary_source_required,Wave 119 final cluster input has name-only identity and requires official manufacturer evidence.,Exact Fanso CR14250H/3PF datasheet including suffix.
fanso:CR14250HEHR02,Fanso,hold,primary_source_required,Wave 119 final cluster input has name-only identity and requires official manufacturer evidence.,Exact Fanso CR14250H/EHR-02 datasheet including connector/lead suffix.
fanso:CR14250HP,Fanso,hold,primary_source_required,Wave 119 final cluster input has name-only identity and requires official manufacturer evidence.,Exact Fanso CR14250H/P datasheet including suffix.
fanso:CR14250LD,FANSO,hold,exact_suffix_unverified,Official FANSO current catalogue did not establish CR14250-LD.,Official FANSO datasheet/product page for CR14250-LD.
fanso:CR2032VAY3178,Fanso,hold,primary_source_required,Wave 119 final cluster input has name-only identity and requires official manufacturer evidence.,Exact Fanso CR2032-VAY3-17.8 datasheet including tab/lead variant.
fanso:ER14250,Fanso,hold,primary_source_required,Wave 119 final cluster input has name-only identity and requires official manufacturer evidence.,Exact Fanso ER14250 2PF datasheet including suffix.
fanso:ER14505,Fanso,hold,variant_or_bundle_ambiguous,Three members share ER14505 but representative specifies leads; name-only evidence cannot prove the exact lead/connector configuration or merge all members.,Exact Fanso ER14505 datasheet plus per-member suffix/lead identifiers.
fanso:ER17505,Fanso,hold,primary_source_required,Wave 119 final cluster input has name-only identity and requires official manufacturer evidence.,Exact Fanso ER17505 4PF datasheet including suffix.
fanso:ER17505VB,Fanso,hold,primary_source_required,Wave 119 final cluster input has name-only identity and requires official manufacturer evidence.,Exact Fanso ER17505-VB datasheet including suffix.
fanso:ER18505,FANSO,hold,model_family_conflict,"Official FANSO page confirms ER18505H, not ER18505 with HU-2 connector.",Official FANSO ER18505 HU-2 assembly datasheet.
fanso:ER18505M,FANSO,hold,assembly_connector_unverified,"The name states a 2× ER18505M assembly with Molex 51021-2. The official model-core source found is for ER18505H, not this M assembly. || The name states a 2× ER18505M assembly with leads. No official source verifies the assembly topology or lead configuration.",Official FANSO assembly datasheet/BOM confirming two ER18505M cells and Molex 51021-2. || Official FANSO assembly datasheet/BOM confirming two ER18505M cells and the exact lead variant.
fanso:ER2450,FANSO,hold,primary_source_required,No exact official FANSO ER2450 product page/datasheet was located in this pass.,Official FANSO ER2450 datasheet.
fanso:ER2450VCY2,Fanso,hold,primary_source_required,Wave 119 final cluster input has name-only identity and requires official manufacturer evidence.,Exact Fanso ER2450-VCY2 datasheet including suffix.
fanso:ER26500,Fanso,hold,primary_source_required,Wave 119 final cluster input has name-only identity and requires official manufacturer evidence.,Exact Fanso ER26500 2PF datasheet including suffix.
fanso:ER26500M,FANSO,hold,primary_source_required,No exact official FANSO ER26500M product page/datasheet was located in this pass.,Official FANSO ER26500M data sheet.
fanso:ER32L065,FANSO,hold,primary_source_required,No exact official FANSO ER32L065 product page/datasheet was located in this pass.,Official FANSO ER32L065 data sheet.
fiamm:12FGL55,Fiamm,hold,primary_source_required,No exact current FIAMM primary source was located.,Official FIAMM 12FGL55 datasheet.
fiamm:12FIT60,Fiamm,hold,primary_source_required,No exact current FIAMM manufacturer-primary source for 12FIT60 was located.,Official FIAMM 12FIT60 data sheet.
kijo:6EVF45AH,Kijo,hold,primary_source_required,No exact KIJO primary source was located.,Official KIJO 6-EVF-45Ah datasheet matching M6 terminals.
kijo:6EVG100AH,Kijo,hold,manufacturer_model_unverified,Wave 119 primary-source research found no exact Kijo manufacturer source for 6-EVG-100Ah; 12V/100Ah must not be inferred from a raw label alone.,Exact Kijo 6-EVG-100Ah datasheet or manufacturer catalogue entry.
leoch:DJ150,Leoch,hold,capacity_conflict,Wave 119: no exact Leoch DJ150 primary page/data sheet was found. The raw record says 2V/155Ah; other Leoch 2V/150 models are not evidence for DJ150.,"Exact Leoch DJ150 datasheet must establish model, nominal voltage, capacity rate and capacity."
leoch:DJ500,Leoch,hold,primary_source_required,No exact official Leoch source for DJ500 was located.,Official Leoch DJ500 2V 500Ah data sheet.
leoch:DJW122,Leoch,hold,primary_source_required,No exact official Leoch source for DJW12-2.9 was located.,Official Leoch DJW12-2.9 data sheet.
leoch:DJW1224S,Leoch,hold,primary_source_required,No exact official Leoch source for DJW12-24S was located.,Official Leoch DJW12-24S data sheet.
out_of_scope:CR17335SEPHR2,unknown,hold,false_positive_scope,"Exact source row: Батарея литиевая CR17335-SE разъем PHR-2 /Китай/. A connector/terminal is a variant of a primary battery, not proof that the product is out of scope. || CR17335-SE with PHR-2 connector remains a primary-cell/battery listing. Connector and soldered terminals are a variant, not grounds for exclusion.",Obtain manufacturer and exact CR17335-SE PHR-2 datasheet before drafting; do not exclude or unpublish. || Obtain manufacturer and exact data sheet before drafting; do not exclude or unpublish.
out_of_scope:CR2450MFJST,unknown,hold,false_positive_scope,"CR2450-MF with JST ZH 1.5 2-pin connector and wire remains a primary-cell/battery listing. The connector is a variant, not grounds for exclusion.",Obtain manufacturer and exact data sheet before drafting; do not exclude or unpublish.
panasonic:2BR23A,Panasonic,hold,primary_source_required,"Manufacturer page documents one BR-2/3A 3V cell, not the local 2-cell 6V assembly. || https://energy.panasonic.com/tw/business/products/lithium/cylindrical-br/models/BR-2-3A",Obtain Panasonic documentation for the exact two-cell assembly.
panasonic:2HHR120AAB,Panasonic,hold,primary_source_required,Wave 119 final cluster input has name-only identity and requires official manufacturer evidence.,Exact Panasonic 2HHR-120AAB datasheet.
panasonic:2NCR18650BD,Panasonic,hold,primary_source_required,Two-cell pack construction is not established by an exact official manufacturer source,Obtain official pack part number and wiring datasheet.
panasonic:4NCR18650BD,Panasonic,hold,primary_source_required,Four-cell pack construction is not established by an exact official manufacturer source,Obtain official pack part number and wiring datasheet.
panasonic:8ХCR123APAB,Panasonic,hold,primary_source_required,The local identity is an 8-cell pack; a single-cell CR123A source is insufficient. || https://energy.panasonic.com/eu/business/products/lithium/cylindrical-cr-standard/models/CR123A,Obtain a manufacturer document for the exact 8x CR-123APA/B assembly.
panasonic:ALKALINE12V,Panasonic,hold,manufacturer_model_unverified,Raw record says only A23 alkaline 12V; no exact Panasonic manufacturer model/pack identifier is recorded.,Exact Panasonic A23 product page/datasheet and pack variant.
panasonic:BK3HCDE4BE,Panasonic,hold,primary_source_required,Exact BK-3HCDE commercial variant was not confirmed by an official primary source in this pass,Obtain Panasonic official product page or datasheet for BK-3HCDE.
panasonic:BR12251F4C,Panasonic,hold,primary_source_required,BR1225 base-cell source does not prove 1F4C terminal construction || https://energy.panasonic.com/eu/business/products/lithium/coin-br-standard/models/BR1225,Obtain Panasonic terminal drawing or exact part-number datasheet.
panasonic:BR1225AHBN,Panasonic,hold,primary_source_required,The source confirms BR1225A core but the local HBN terminal variant is not independently resolved. || https://energy.panasonic.com/eu/business/products/lithium/coin-br-high-temp/models/BR1225A,Obtain the Panasonic terminal drawing or part-number mapping for BR1225A/HBN.
panasonic:BR12AAE2PN,Panasonic,hold,primary_source_required,Terminal/lead suffix E2PN is not safely inferable from the base-size name. || https://energy.panasonic.com/ap/business/downloads/terminal,Obtain exact Panasonic terminal drawing or product datasheet for BR1/2AAE2PN.
panasonic:BR1632,Panasonic,hold,primary_source_required,The VAN suffix is a terminal or construction variant and cannot be inferred from base-cell data || https://energy.panasonic.com/ap/business/downloads/terminal,Obtain Panasonic BR1632A/VAN drawing or exact part-number datasheet.
panasonic:BR1632AHAN,Panasonic,hold,primary_source_required,HAN is a terminal variant; base BR1632A characteristics do not establish the local configuration || https://energy.panasonic.com/ap/business/downloads/terminal,Obtain official Panasonic BR1632A/HAN drawing.
panasonic:BR1632HAN,Panasonic,hold,primary_source_required,Wave 119 final cluster input has name-only identity and requires official manufacturer evidence.,Exact Panasonic BR1632/HAN datasheet including terminal variant.
panasonic:BR2330,Panasonic,hold,primary_source_required,The local item explicitly has 1HF1 leads; lead configuration must not be inferred from the base cell || https://energy.panasonic.com/ap/business/downloads/terminal,Obtain official BR2330 1HF1 part drawing.
panasonic:BR2330F3N,Panasonic,hold,primary_source_required,The official terminal list identifies F3N as a distinct terminal drawing; it must not be collapsed into the base cell || https://energy.panasonic.com/ap/business/downloads/terminal,Obtain and associate the exact BR2330/F3N drawing.
panasonic:BR23AE2SPN,Panasonic,hold,primary_source_required,Terminal/lead suffix E2SPN is not safely inferable from the BR-2/3A core. || https://energy.panasonic.com/ap/business/downloads/terminal,Obtain exact Panasonic terminal drawing or product datasheet for BR2/3AE2SPN.
panasonic:BR23AGCT4A,Panasonic,hold,primary_source_required,Terminal/lead suffix GCT4A requires exact part-number evidence. || https://energy.panasonic.com/ap/business/downloads/terminal,Obtain exact Panasonic terminal drawing or product datasheet for BR-2/3AGCT4A.
panasonic:BR23AH,Panasonic,hold,primary_source_required,Local record explicitly has leads; base-cell source cannot establish its terminal configuration. || https://energy.panasonic.com/tw/business/products/lithium/cylindrical-br/models/BR-2-3A,Obtain the Panasonic drawing for BR2/3AH.
panasonic:BR2477AFBN,Panasonic,hold,primary_source_required,FBN suffix is a terminal/package variant not established by a base model source || https://energy.panasonic.com/ap/business/downloads/terminal,Obtain exact Panasonic BR2477A/FBN documentation.
panasonic:BR2477AGA,Panasonic,hold,primary_source_required,GA suffix is an unverified terminal variant in this import record || https://energy.panasonic.com/ap/business/downloads/terminal,Obtain Panasonic BR2477A/GA technical drawing.
panasonic:BR26505,Panasonic,hold,primary_source_required,Local item includes tabs and BR26505 is not established by the cited BR-2/3A source || https://energy.panasonic.com/tw/business/products/lithium/cylindrical-br/models/BR-2-3A,Obtain official BR26505 tabbed-cell part number/drawing.
panasonic:BR2GCF2W,Panasonic,hold,primary_source_required,Terminal configuration F2W is part of the identity and has not been verified. || https://energy.panasonic.com/ap/business/downloads/terminal,Obtain exact Panasonic terminal drawing or product datasheet for BR-2GCF2W.
panasonic:BRAGCF2W,Panasonic,hold,primary_source_required,Terminal configuration F2W is part of the identity and has not been verified. || https://energy.panasonic.com/ap/business/downloads/terminal,Obtain exact Panasonic terminal drawing or product datasheet for BR-AGCF2W.
panasonic:CR123,Panasonic,hold,primary_source_required,Official source is for CR123A; the local CR123 label is insufficient to assert exact identity || https://energy.panasonic.com/eu/business/products/lithium/cylindrical-cr-standard/models/CR123A,Obtain label or 1C code confirming CR123 equals CR123A for this SKU.
panasonic:CR123A,Panasonic,hold,primary_source_required,The catalog names a multi-cell 6V assembly; single-cell CR123A source cannot prove assembly wiring or attributes || https://energy.panasonic.com/eu/business/products/lithium/cylindrical-cr-standard/models/CR123A,Obtain official assembled-pack part number and datasheet.
panasonic:CR123APAB,Panasonic,hold,primary_source_required,The item is an assembled pack with variant suffixes; base-cell evidence is insufficient || https://energy.panasonic.com/eu/business/products/lithium/cylindrical-cr-standard/models/CR123A,Obtain pack manufacturer/part number and official technical sheet.
panasonic:CR123LA,Panasonic,hold,primary_source_required,Local CR123LA code is not proven equivalent to Panasonic CR123A by a primary source. || https://energy.panasonic.com/eu/business/products/lithium/cylindrical-cr-standard/models/CR123A,Obtain exact Panasonic part-number mapping for CR123LA.
panasonic:CR2330,Panasonic,hold,primary_source_required,The item explicitly has 1HF1 leads; base-cell facts cannot prove the terminal configuration || https://energy.panasonic.com/ap/business/downloads/terminal,Obtain official CR2330 1HF1 drawing.
panasonic:CR2354,Panasonic,hold,primary_source_required,The item explicitly has 1VC leads and local capacity must not be copied without exact source || https://energy.panasonic.com/ap/business/downloads/terminal,Obtain official CR2354 1VC drawing and datasheet.
panasonic:CR2450,Panasonic,hold,primary_source_required,The local item explicitly has leads; base-cell documentation does not prove lead variant || https://energy.panasonic.com/eu/business/products/lithium/coin-cr-standard/models/CR2450,Obtain exact Panasonic leaded CR2450 part number and drawing.
panasonic:CR2477,Panasonic,hold,primary_source_required,Wave 119 final cluster input has name-only identity and requires official manufacturer evidence.,Exact Panasonic CR2477 source including leaded variant.
panasonic:CR2477NFHLF,Panasonic,hold,primary_source_required,NFH-LF suffix identifies a terminal/lead variant not proven by a base CR2477 source || https://energy.panasonic.com/ap/business/downloads/terminal,Obtain official CR2477NFH-LF drawing and datasheet.
panasonic:CR2477NRHLF,Panasonic,hold,primary_source_required,NRH-LF suffix identifies a terminal/lead variant not proven by a base CR2477 source || https://energy.panasonic.com/ap/business/downloads/terminal,Obtain official CR2477NRH-LF drawing and datasheet.
panasonic:FANUC1S,Panasonic,hold,primary_source_required,PLC backup-pack identity is not a Panasonic cell model and no primary source was found.,Obtain the PLC manufacturer part number and the pack datasheet.
panasonic:HHR120AAB,Panasonic,hold,primary_source_required,Official Panasonic material documents an HHR-120AA cell but the local record is a five-cell 6V assembly with AAB suffix || https://eu.industrial.panasonic.com/sites/default/pidseu/files/downloads/files/id_ni-mh_1104_e.pdf,Obtain official assembled-pack part number/datasheet or a bill of materials confirming wiring and suffix construction.
panasonic:HHR200AB,Panasonic,hold,primary_source_required,Wave 119 final cluster input has name-only identity and requires official manufacturer evidence.,Exact Panasonic HHR-200AB datasheet.
panasonic:LR41,Panasonic,hold,primary_source_required,No current Panasonic manufacturer-primary product page or datasheet for the exact LR41 retail item was located.,Obtain a Panasonic LR41 primary datasheet or product label.
panasonic:LR44,Panasonic,hold,variant_or_bundle_ambiguous,Two LR44 records are grouped by generic cell designation; name-only evidence cannot prove identical brand/package variants.,Exact Panasonic LR44 page/datasheet and package identifiers for both members.
panasonic:NCR18650B,Panasonic,hold,primary_source_required,The current official catalog confirms lithium-ion product policy but did not expose an exact NCR18650B primary product page || https://energy.panasonic.com/eu/business/products/lithium-ion,Obtain current Panasonic NCR18650B datasheet and confirm authorized distribution/variant identity.
panasonic:NCR18650BD,Panasonic,hold,primary_source_required,Records describe multi-cell assemblies; base-cell evidence cannot prove pack wiring or construction,Obtain official assembly part numbers and datasheets.
panasonic:NCR18650BDS3200MAH10A,Panasonic,hold,primary_source_required,Exact NCR18650BD-S suffix was not confirmed by an official current product page,Obtain manufacturer datasheet for NCR18650BD-S.
panasonic:NCR18650GA,Panasonic,hold,primary_source_required,Official page establishes the base NCR18650GA cell but not the local welded-tab construction or tab dimensions || https://energy.panasonic.com/eu/business/products/lithium-ion/models/NCR18650GA,Obtain official Panasonic tabbed-part drawing or manufacturer part number for this exact configuration.
panasonic:VL2330HFN,Panasonic,hold,primary_source_required,HFN is an explicit terminal variant and must retain its construction identity || https://energy.panasonic.com/ap/business/downloads/terminal,Obtain official Panasonic VL2330/HFN drawing.
panasonic:СR2330,Panasonic,hold,primary_source_required,The imported model prefix is encoding-damaged and the name explicitly says with leads || https://energy.panasonic.com/ap/business/downloads/terminal,Normalize source encoding and obtain exact leaded part number.
panasonic:СR2354,Panasonic,hold,primary_source_required,The imported model prefix is encoding-damaged and the item has leads; local capacity must not be copied without an exact source || https://energy.panasonic.com/ap/business/downloads/terminal,Normalize source encoding and obtain exact leaded part number/drawing.
panasonic:СR2450,Panasonic,hold,primary_source_required,The imported model prefix is encoding-damaged and the item has leads || https://energy.panasonic.com/ap/business/downloads/terminal,Normalize source encoding and obtain exact leaded part number/drawing.
pkcell:6NIMH,PKCELL,hold,primary_source_required,Six-cell AA assembly requires verified wiring and exact pack identity,Obtain PKCELL pack datasheet.
pkcell:AA6V,PKCELL,hold,primary_source_required,Five-cell AA assembly requires verified wiring and exact pack identity,Obtain PKCELL pack datasheet.
pkcell:AAR06,PKCELL,hold,voltage_architecture_conflict,Three records are grouped as AA/R06 but representative raw name combines ten Ni-MH cells with 2800mAh and 12V; that may be a pack rather than one AA cell.,"Exact PKCELL pack datasheet with cell count, wiring, voltage and SKU for every member."
pkcell:AAА1,PKCELL,hold,primary_source_required,Imported model text is encoding-damaged and lacks an exact PKCELL part number,Normalize source identity and obtain official product page.
pkcell:BL10,PKCELL,hold,cluster_model_collision,"The cluster key BL10 is packaging, while its members are AG1, AG4 and AG6. An official generic catalogue must not be used to merge three different button-cell models.",Split to the three exact model records and locate an official PKCELL page/datasheet for each model.
pkcell:ER14505,PKCELL,hold,variant_or_bundle_ambiguous,Three members share ER14505; name-only evidence cannot prove lead/connector/package variants are identical.,Exact PKCELL ER14505 datasheet plus suffix/lead identifiers for each member.
pkcell:ER18505,PKCELL,hold,primary_source_required,Wave 119 final cluster input has name-only identity and requires official manufacturer evidence.,Exact PKCELL ER18505 datasheet matching XHR-2P connector variant.
pkcell:ER26500,PKCELL,hold,primary_source_required,Wave 119 final cluster input has name-only identity and requires official manufacturer evidence.,Exact PKCELL ER26500 datasheet matching Dubon 2P connector variant.
pkcell:ER34615,PKCELL,hold,variant_or_bundle_ambiguous,Two ER34615 records are grouped by generic model; name-only evidence cannot prove identical lead/connector configurations.,Exact PKCELL ER34615 datasheet and per-member variant identifiers.
pkcell:IRC14500AX,PKCELL,hold,primary_source_required,Official page is for INR14500 while imported item is IRC14500-AX; the exact chemistry/suffix identity is not proven || https://www.pkcell.com/product/icr14500-800mah-li-ion-battery/,Obtain PKCELL IRC14500-AX product page or datasheet before reusing any model facts.
pkcell:АККУМУЛЯТОР9V,PKCELL,hold,primary_source_required,Imported model text is encoding-damaged and no exact official product page was identified,Normalize source identity and obtain official product page.
robiton:1500MH23A,Robiton,hold,assembled_pack_unverified,The raw name is an 8-cell 9.6 V assembly; a cell model source cannot establish its assembly topology.,Official Robiton page or assembly datasheet naming 8*1500MH2/3A 9.6V.
robiton:1800MH45A2,Robiton,hold,exact_model_unverified,"The primary catalogue lists 1800MHAA, not the distinct 1800MH4/5A model.",Official Robiton product page or datasheet for 1800MH4/5A.
robiton:200MH9,Robiton,hold,exact_model_unverified,No exact official Robiton source was located for 200MH9.,Official Robiton product page or datasheet for 200MH9.
robiton:2850MHA,Robiton,hold,model_name_conflict,"Official ROBITON catalogue lists 2850MHAA, while the source record says 2850MHA. The spelling must not be silently corrected.",Exact official ROBITON record or label mapping 2850MHA to a current SKU.
robiton:2LP103450,Robiton,hold,assembled_pack_unverified,The raw name specifies a 2-cell 7.4 V Li-Po assembly; source for an individual cell would not establish the assembly.,Official Robiton product page or assembly datasheet for 2LP103450.
robiton:330BVH,Robiton,hold,exact_model_unverified,No exact official Robiton source was located for 330BVH.,Official Robiton product page or datasheet for 330BVH.
robiton:3RTU5000MHD,Robiton,hold,assembled_pack_unverified,The raw name specifies a 3.6 V C-size assembly; no exact manufacturer assembly source was located.,Official Robiton product page or assembly datasheet for 3RTU5000MHD.
robiton:400MHAAA,Robiton,hold,assembled_pack_unverified,The raw name specifies a 2-cell 2.4 V pack. A cell-family source cannot establish its assembly.,Official Robiton page or assembly datasheet for 2*400MHAAA 2.4V.
robiton:4500MHC2,Robiton,hold,primary_source_required,No exact current official ROBITON source for 4500MHC-2 was located.,"Official ROBITON 4500MHC-2 data sheet, including 4-cell pack configuration."
robiton:6F22,Robiton,hold,series_unverified,The raw name says only ROBITON 6F22; the official page found is specifically the PLUS series. Series must not be inferred.,Exact official ROBITON page/SKU for this 6F22 record.
robiton:900MHAAA,Robiton,hold,assembled_pack_unverified,The raw name specifies a 4.8 V pack for BT06K; a 900MHAAA cell source cannot establish its assembly or compatibility.,Official Robiton page or assembly datasheet for the 4.8V BT06K pack.
robiton:9V80,Robiton,hold,manufacturer_model_unverified,Raw name combines a 9V80 charger label and FAST variant; exact manufacturer page/model mapping is not recorded.,Exact Robiton manufacturer page or datasheet for the full 9V80 FAST designation.
robiton:AA2500МВТЧ,Robiton,hold,exact_model_unverified,No exact official Robiton source was located for 2500NZAA-2 Ni-Zn.,Official Robiton product page or datasheet for 2500NZAA-2.
robiton:BL10,Robiton,hold,package_cluster_collision,BL10 is a package marker; this cluster must be split to exact cell models before applying a source.,Exact source and normalized model for each BL10 member.
robiton:BL1КИТАЙ,Robiton,hold,manufacturer_model_unverified,Model candidate BL1/Китай is packaging/origin text; it cannot establish a product identity for VolumeCharger C8.,Exact Robiton VolumeCharger C8 source with full SKU and pack configuration.
robiton:CHARGER5W,Robiton,hold,primary_source_required,Wave 119 final cluster input has name-only identity and requires official manufacturer evidence.,Exact Robiton Charger5W source including electrical/output specification.
robiton:CR2032,Robiton,hold,exact_variant_unverified,The record specifies a CR2032 HP2M1 with leads; the official catalogue alone does not verify the lead assembly. || The record specifies a CR2032 BULK25 package; no exact official Robiton page was located for this package variant.,Official Robiton page or datasheet naming CR2032 HP2M1 with its terminal configuration. || Official Robiton CR2032 BULK25 page or catalogue listing.
robiton:CR2354,Robiton,hold,exact_sku_unverified,No exact official Robiton page was located for PROFI R-CR2354-BL1.,Official Robiton product page or data sheet for R-CR2354-BL1.
robiton:DECTT2363XAA,Robiton,hold,assembly_or_terminal_variant_unverified,"Raw item carries a pack, terminal or protection execution; the official category catalogue is insufficient to establish it.",Exact official ROBITON product page or datasheet matching the full model and variant.
robiton:EN3000S,Robiton,hold,primary_source_required,Wave 119 final cluster input has name-only identity and requires official manufacturer evidence.,Exact Robiton EN3000S source matching the 3000mA variant.
robiton:EN3000S524,Robiton,hold,primary_source_required,Wave 119 final cluster input has name-only identity and requires official manufacturer evidence.,Exact Robiton EN3000S/5-24 source including voltage range.
robiton:ER14250DP,Robiton,hold,assembly_connector_unverified,ER14250-DP includes a connector/assembly suffix that cannot be inferred from a cell-family source.,Official Robiton page or assembly data sheet for ER14250-DP PK1.
robiton:ER14505BOX20,Robiton,hold,exact_package_unverified,No exact official Robiton evidence was located for ER14505 BOX20.,Official Robiton ER14505 BOX20 page or catalogue entry.
robiton:ER14505MSR2,Robiton,hold,exact_sku_unverified,No exact official Robiton evidence was located for ER14505M-SR2.,Official Robiton product page or data sheet for ER14505M-SR2.
robiton:ER18505SR2,Robiton,hold,exact_sku_unverified,No exact official Robiton evidence was located for ER18505-SR2.,Official Robiton product page or data sheet for ER18505-SR2.
robiton:ER34615SR2,Robiton,hold,exact_sku_unverified,No exact official Robiton evidence was located for ER34615-SR2.,Official Robiton product page or data sheet for ER34615-SR2.
robiton:ER9VSR,Robiton,hold,exact_sku_unverified,No exact official Robiton evidence was located for ER9V-SR.,Official Robiton product page or data sheet for ER9V-SR.
robiton:HOBBYCHARGER02,Robiton,hold,primary_source_required,Wave 119 final cluster input has name-only identity and requires official manufacturer evidence.,Exact Robiton HobbyCharger02 manufacturer source.
robiton:IR99W,Robiton,hold,variant_or_bundle_ambiguous,Two members share IR9-9W but raw text contains a connector/polarity notation; name-only evidence cannot prove both are the same electrical/plug variant.,Exact Robiton IR9-9W source and connector/polarity identifier for each member.
robiton:LAC6121000,Robiton,hold,primary_source_required,Wave 119 final cluster input has name-only identity and requires official manufacturer evidence.,Exact Robiton LAC612-1000 charger source.
robiton:LI10440,Robiton,hold,exact_primary_source_required,No exact official ROBITON product page or datasheet was located for this model in this research pass.,Exact official ROBITON product page or datasheet matching the full model and variant.
robiton:LI186NP2600FPK,Robiton,hold,exact_primary_source_required,No exact official ROBITON product page or datasheet was located for this model in this research pass.,Exact official ROBITON product page or datasheet matching the full model and variant.
robiton:LI3018650,Robiton,hold,exact_primary_source_required,No exact official ROBITON product page or datasheet was located for this model in this research pass.,Exact official ROBITON product page or datasheet matching the full model and variant.
robiton:LIR9V650,Robiton,hold,exact_primary_source_required,No exact official ROBITON product page or datasheet was located for this model in this research pass.,Exact official ROBITON product page or datasheet matching the full model and variant.
robiton:LP402025,Robiton,hold,exact_primary_source_required,No exact official ROBITON product page or datasheet was located for this model in this research pass.,Exact official ROBITON product page or datasheet matching the full model and variant.
robiton:LP402030,Robiton,hold,exact_primary_source_required,No exact official ROBITON product page or datasheet was located for this model in this research pass.,Exact official ROBITON product page or datasheet matching the full model and variant.
robiton:LP443442,Robiton,hold,exact_primary_source_required,No exact official ROBITON product page or datasheet was located for this model in this research pass.,Exact official ROBITON product page or datasheet matching the full model and variant.
robiton:LP502030,Robiton,hold,exact_primary_source_required,No exact official ROBITON product page or datasheet was located for this model in this research pass.,Exact official ROBITON product page or datasheet matching the full model and variant.
robiton:LP502035,Robiton,hold,exact_primary_source_required,No exact official ROBITON product page or datasheet was located for this model in this research pass.,Exact official ROBITON product page or datasheet matching the full model and variant.
robiton:LP502540,Robiton,hold,exact_primary_source_required,No exact official ROBITON product page or datasheet was located for this model in this research pass.,Exact official ROBITON product page or datasheet matching the full model and variant.
robiton:LP602035,Robiton,hold,exact_primary_source_required,No exact official ROBITON product page or datasheet was located for this model in this research pass.,Exact official ROBITON product page or datasheet matching the full model and variant.
robiton:LP603030,Robiton,hold,exact_primary_source_required,No exact official ROBITON product page or datasheet was located for this model in this research pass.,Exact official ROBITON product page or datasheet matching the full model and variant.
robiton:LP724373,Robiton,hold,exact_primary_source_required,No exact official ROBITON product page or datasheet was located for this model in this research pass.,Exact official ROBITON product page or datasheet matching the full model and variant.
robiton:LR41,Robiton,hold,exact_variant_unverified,The raw name is STANDARD R-AG3-0-BL5 / AG3-LR41; no exact official current product page was located in this pass.,Official Robiton page for STANDARD AG3/LR41 BL5.
robiton:MASTERCHARGER2BPRO,Robiton,hold,primary_source_required,Wave 119 final cluster input has name-only identity and requires official manufacturer evidence.,Exact Robiton MasterCharger 2B/Pro source.
robiton:MASTERCHARGER2Н,Robiton,hold,manufacturer_model_unverified,Raw name uses Cyrillic '2Н' while product-like suffix says Pro; this may be a transcription/variant ambiguity.,Exact Robiton source that confirms the intended model spelling and Pro variant.
robiton:MASTERCHARGER4T5,Robiton,hold,primary_source_required,Wave 119 final cluster input has name-only identity and requires official manufacturer evidence.,Exact Robiton MasterCharger 4T5 Pro source.
robiton:PLUSRR03SR4,Robiton,hold,exact_sku_unverified,"The official catalogue establishes the PLUS R03 family, not the exact R-R03-SR4 SKU and its package.",Official Robiton page or catalogue listing for PLUS R-R03-SR4.
robiton:PLUSRR14SR2,Robiton,hold,exact_sku_unverified,"The official catalogue establishes the PLUS R14 family, not the exact R-R14-SR2 SKU and its package.",Official Robiton page or catalogue listing for PLUS R-R14-SR2.
robiton:PLUSRR20SR2,Robiton,hold,exact_sku_unverified,"The official catalogue establishes the PLUS R20 family, not the exact R-R20-SR2 SKU and its package.",Official Robiton page or catalogue listing for PLUS R-R20-SR2.
robiton:PLUSRR6SR4,Robiton,hold,exact_sku_unverified,"The official catalogue establishes the PLUS R6 family, not the exact R-R6-SR4 SKU and its package.",Official Robiton page or catalogue listing for PLUS R-R6-SR4.
robiton:R3R12SR1,Robiton,hold,exact_sku_unverified,"Official ROBITON catalogue establishes a PLUS 3R12 family, but this pass did not locate the exact R-3R12-SR1/SR1 SKU page.",Official ROBITON product page or current catalogue entry for R-3R12-SR1.
robiton:RTU2600MHAA2,Robiton,hold,exact_primary_source_required,No exact official ROBITON product page or datasheet was located for this model in this research pass.,Exact official ROBITON product page or datasheet matching the full model and variant.
robiton:RTU270MH1,Robiton,hold,exact_primary_source_required,No exact official ROBITON product page or datasheet was located for this model in this research pass.,Exact official ROBITON product page or datasheet matching the full model and variant.
robiton:RTU270MHBULK,Robiton,hold,exact_primary_source_required,No exact official ROBITON product page or datasheet was located for this model in this research pass.,Exact official ROBITON product page or datasheet matching the full model and variant.
robiton:RTU7000MHD,Robiton,hold,exact_primary_source_required,No exact official ROBITON product page or datasheet was located for this model in this research pass.,Exact official ROBITON product page or datasheet matching the full model and variant.
robiton:RTU950MHAAA2,Robiton,hold,exact_primary_source_required,No exact official ROBITON product page or datasheet was located for this model in this research pass.,Exact official ROBITON product page or datasheet matching the full model and variant.
robiton:SMART4,Robiton,hold,variant_or_bundle_ambiguous,"Four members share Smart4; representative adds 9V kit and mains adapter, so generic name cannot safely merge the records.",Exact Robiton Smart4 manufacturer page and per-member kit/SKU identifiers.
robiton:STANDARTRLR10BL5,Robiton,hold,exact_sku_unverified,No exact official Robiton page was located for STANDARD R-LR10-BL5.,Official Robiton product page or catalogue listing for STANDARD R-LR10-BL5.
robiton:TABLET2000,Robiton,hold,primary_source_required,Wave 119 final cluster input has name-only identity and requires official manufacturer evidence.,Exact Robiton Tablet2000 source including output/plug variant.
robiton:USB1000AUTO,Robiton,hold,primary_source_required,Wave 119 final cluster input has name-only identity and requires official manufacturer evidence.,Exact Robiton USB1000/Auto S source.
robiton:USB2100,Robiton,hold,manufacturer_model_unverified,Raw model 'USB 2100' is insufficient to identify port count/output/plug configuration.,Exact Robiton USB 2100 source with full SKU and electrical specification.
robiton:VRLA40,Robiton,hold,assembly_or_terminal_variant_unverified,"Raw item carries a pack, terminal or protection execution; the official category catalogue is insufficient to establish it.",Exact official ROBITON product page or datasheet matching the full model and variant.
robiton:VRLA409,Robiton,hold,assembly_or_terminal_variant_unverified,"Raw item carries a pack, terminal or protection execution; the official category catalogue is insufficient to establish it.",Exact official ROBITON product page or datasheet matching the full model and variant.
robiton:VRLA43,Robiton,hold,assembly_or_terminal_variant_unverified,"Raw item carries a pack, terminal or protection execution; the official category catalogue is insufficient to establish it.",Exact official ROBITON product page or datasheet matching the full model and variant.
robiton:WINNERRFR6BL2,Robiton,hold,exact_sku_unverified,"The official catalogue establishes the WINNER FR6 family, not the exact R-FR6-BL2 SKU and its package.",Official Robiton page or catalogue listing for WINNER R-FR6-BL2.
robiton:WINNERRFR6SR2,Robiton,hold,exact_sku_unverified,"The official catalogue establishes the WINNER FR6 family, not the exact R-FR6-SR2 SKU and its package.",Official Robiton page or catalogue listing for WINNER R-FR6-SR2.
robiton:АДАПТОРОМ2,Robiton,hold,manufacturer_model_unverified,Model candidate is parsed from accessory text ('adapter 2.1A') rather than a manufacturer SKU.,Exact Robiton VolumeCharger LCD source with full SKU and included adapter specification.
robiton:ЗАЩИТОЙBL1,Robiton,hold,model_candidate_not_sku,"Candidate is an attribute/package phrase, not a ROBITON manufacturer SKU; no exact product identity can be established.",Exact official ROBITON product page or datasheet matching the full model and variant.
saft:4VREC,Saft,hold,pack_configuration_unverified,4 VREC 2300 CFG is a multi-cell Ni-Cd configuration without official pack drawing.,Official Saft configuration sheet naming 4 VREC 2300 CFG.
saft:ABB3HAC168311,Saft,hold,pack_configuration_unverified,"ABB 3HAC16831-1 is a 10.8V pack designation, not a standalone Saft cell model; no primary pack BOM is recorded.","ABB or Saft primary pack documentation identifying chemistry, cells, wiring and connector."
saft:ER6V,Saft,hold,connector_variant_unverified,"Raw name maps ER6V AA to LS14500 with connector. The Saft LS14500 datasheet confirms only model-core cell facts, not a connector assembly.",Exact Saft connector/assembly drawing or OEM pack BOM.
saft:G0621,Saft,hold,manufacturer_model_unverified,No exact current Saft manufacturer-primary datasheet for G 06/2.1 was located in this research wave.,Exact Saft G 06/2.1 primary technical datasheet.
saft:HR2343,Saft,hold,pack_configuration_unverified,Raw record is a five-cell Ni-MH pack with FT execution. No official Saft pack drawing/BOM was located.,Official Saft pack documentation for 5x VH Cs 3200 XL /FT.
saft:KR2343,Saft,hold,pack_configuration_unverified,Raw record is a five-cell Ni-Cd pack with FT execution. No official Saft pack drawing/BOM was located.,Official Saft pack documentation for 5x VRE Cs 1800 /FT.
saft:LS14250,Saft,hold,connector_variant_unverified,Representative name specifies LS 14250 CNR. Model-core certification is insufficient to assert CNR lead/connector configuration for four records.,Exact Saft LS 14250 CNR drawing and per-record variant identifiers.
saft:LS14250СNA,Saft,hold,pack_configuration_unverified,Raw name identifies LS 14250 CNA as a 25-unit kit; manufacturer cell data does not verify kit SKU or constituent execution.,Exact Saft CNA package/kit specification and per-record SKU evidence.
saft:LS14500,Saft,hold,terminal_variant_unverified,Raw name contains FLE suffix; the exact Saft base-cell datasheet does not prove this terminal execution.,Exact Saft LS14500 FLE drawing or product specification.
saft:LS14500СNAПРОИЗВОДСТВО,Saft,hold,pack_configuration_unverified,Raw name contains CNA suffix; exact Saft LS14500 base-cell facts cannot prove a CNA configuration.,Exact Saft LS14500 CNA product specification.
saft:LS26500FLE,Saft,hold,exact_suffix_unverified,The official Saft source found validates LS26500 model core but not the FLE terminal suffix.,Official Saft page/datasheet identifying LS26500FLE terminal configuration.
saft:LS33600,Saft,hold,terminal_variant_unverified,Representative name is LS 33600 B; base-cell model documentation does not prove B terminal execution for either member.,Exact Saft LS33600 B drawing and per-record variant identifiers.
saft:LSH20,Saft,hold,variant_or_bundle_ambiguous,Raw record explicitly says a four-unit LSH20 assembly; a cell-level source alone would not prove the assembly configuration.,Exact SAFT assembly source or BOM that identifies four LSH20 cells and connections.
saft:R88ABAT01G,Saft,hold,compatible_equipment_variant_unverified,R88A-BAT01G is an equipment-specific designation; the text's LS14505 mapping is not an official Saft identity proof.,Official Saft or equipment-maker cross-reference naming R88A-BAT01G and exact Saft SKU.
saft:VL34480,Saft,hold,primary_source_required,No exact official Saft source for VL34480 5A was located.,Official Saft VL34480 5A datasheet.
saft:VREC2300,Saft,hold,pack_configuration_unverified,5 VREC 2300 CFG is a multi-cell Ni-Cd configuration without official pack drawing.,Official Saft configuration sheet naming 5 VREC 2300 CFG.
tekcell:6ES79711AA000AA0,Tekcell,hold,third_party_pack_identity,Raw item is a Siemens 6ES7971-1AA00-0AA0 backup battery pack while the Tekcell source only provides a brand candidate; no manufacturer-primary Tekcell/Vitzrocell source establishes the complete Siemens pack.,Exact manufacturer pack BOM or Siemens primary documentation that identifies the installed cell manufacturer and pack configuration.
tekcell:BSL2,Tekcell,hold,manufacturer_model_unverified,"Representative text names SB CO2 TC with BSL-2 connector, while parsed model is BSL-2; connector text is not a product model.",Exact Tekcell manufacturer source matching SB CO2 TC and BSL-2 connector configuration.
tekcell:CR17450,Tekcell,hold,variant_or_bundle_ambiguous,Four members share CR17450 but representative says a two-cell/connector assembly; generic chemistry size cannot prove identical assemblies.,Exact Tekcell assembly source and per-member connector/BOM identifiers.
tekcell:ER14250,Tekcell,hold,variant_unverified,The raw record includes PK1 and 1200mAh; no official Tekcell page/datasheet was located for the exact item and variant.,Official Tekcell ER14250 data sheet and PK1 variant evidence.
tekcell:SBAA02AX,Tekcell,hold,terminal_variant_unverified,"Vitzrocell confirms SB-AA02 model-core facts and lists AX as an available terminal family, but does not identify the exact AX execution in this record.",Exact Vitzrocell/TEKCELL document for SB-AA02AX terminal and lead configuration.
tekcell:SBAA11AX,Tekcell,hold,terminal_variant_unverified,"Vitzrocell confirms SB-AA11 model-core facts and lists AX as an available terminal family, but does not identify the exact AX execution in this record.",Exact Vitzrocell/TEKCELL document for SB-AA11AX terminal and lead configuration.
tekcell:SBAA11P,Tekcell,hold,terminal_variant_unverified,The suffix P is an execution signal; the manufacturer page establishes only the SB-AA11 model core.,Exact Vitzrocell/TEKCELL document for SB-AA11P execution.
tekcell:SBAA11TC,Tekcell,hold,terminal_variant_unverified,The TC suffix is an execution signal; the manufacturer page establishes only the SB-AA11 model core.,Exact Vitzrocell/TEKCELL document for SB-AA11TC execution.
tekcell:SBC02,Tekcell,hold,lead_variant_unverified,Both records explicitly say 'with leads'; the manufacturer-primary SB-C02 page establishes base-cell facts but not the lead/connector configuration of either member.,Exact Vitzrocell/TEKCELL lead/connector drawing for each SB-C02 record.
tekcell:SBCO2,Tekcell,hold,primary_source_required,Wave 119 final cluster input has name-only identity and requires official manufacturer evidence.,Exact Tekcell SB CO2 TC source matching CNR lead variant.
tekcell:SBD02,Tekcell,hold,lead_variant_unverified,Raw name explicitly says 'with leads'; the manufacturer-primary SB-D02 page establishes base-cell facts but not the lead/connector configuration.,Exact Vitzrocell/TEKCELL lead/connector drawing for this SB-D02 record.
tekcell:SBD02AX,Tekcell,hold,terminal_variant_unverified,AX is a terminal execution signal; no exact manufacturer-primary document for SB-D02AX is recorded.,Exact Vitzrocell/TEKCELL document for SB-D02AX terminal and lead configuration.
tekcell:SWC01,Tekcell,hold,manufacturer_model_unverified,No current manufacturer-primary Vitzrocell/TEKCELL page for exact SW-C01 was located; reseller material is not sufficient under this wave's source rule.,Exact Vitzrocell/TEKCELL SW-C01 primary datasheet.
tekcell:АА1SКИТАЙ,Tekcell,hold,pack_configuration_unverified,"Raw name describes SB-AA11-2P pack; a base-cell source cannot prove the two-cell wiring, connector, polarity or capacity of the pack.",Exact Vitzrocell/TEKCELL pack drawing or BOM for SB-AA11-2P.
tekcell:СR174503V,Tekcell,hold,primary_source_required,No exact TEKCELL/Vitzrocell primary source for CR17450-3V was located.,Official TEKCELL/Vitzrocell CR17450-3V datasheet.
ventura:GPL1220,Ventura,hold,discontinued_or_unlisted_model,"Wave 119 primary-source research: current official Ventura GPL support/catalogue lists GPL 12-15 and GPL 12-26 but not GPL12-20 (https://ventura-battery.ru/podderzhka/). It may be old, renamed, or a transcription; no exact source is recorded.",Exact Ventura historical datasheet/catalogue or a manufacturer supersession notice for GPL12-20.
ventura:GPL129,Ventura,hold,exact_model_unlisted,Official Ventura support index does not list GPL 12-9; no exact data sheet was located.,Official Ventura GPL 12-9 datasheet or supersession notice.
xeno:XLP050FAX,Xeno,hold,primary_source_required,No official Xeno manufacturer page/datasheet was located for exact XLP-050F/AX.,Official Xeno XLP-050F/AX data sheet including AX terminal configuration.
