product_external_id,reason,survivor_external_id
КА-00001272,strict_duplicate_candidate,КА-00000591
КА-00001445,strict_duplicate_candidate,КА-00000591
КА-00001446,strict_duplicate_candidate,КА-00000807
КА-00000830,strict_duplicate_candidate,КА-00000210
ФР-00000546,strict_duplicate_candidate,00-00000007
КА-00004982,strict_duplicate_candidate,КА-00002966
КА-00006072,strict_duplicate_candidate,КА-00006071
ФР-00001007,strict_duplicate_candidate,ФР-00001004
ФР-00001280,strict_duplicate_candidate,КА-00000260
КА-00005151,strict_duplicate_candidate,КА-00002043
КА-00006413,strict_duplicate_candidate,КА-00006002
КА-00002859,strict_duplicate_candidate,КА-00001212
ФР-00001436,strict_duplicate_candidate,ФР-00001429
ФР-00001009,strict_duplicate_candidate,ФР-00001006
ФР-00002195,strict_duplicate_candidate,КА-00006569
КА-00005702,strict_duplicate_candidate,КА-00001185
ФР-00000460,strict_duplicate_candidate,00-00000001
ФР-00001168,strict_duplicate_candidate,ФР-00001142
ФР-00000507,strict_duplicate_candidate,КА-00005761
ФР-00001022,strict_duplicate_candidate,КА-00001311
КА-00006125,strict_duplicate_candidate,КА-00003769
КА-00006561,strict_duplicate_candidate,КА-00006560
КА-00001816,strict_duplicate_candidate,КА-00001813
КА-00002858,strict_duplicate_candidate,КА-00002377
КА-00004978,strict_duplicate_candidate,КА-00004111
ФР-00001504,strict_duplicate_candidate,ФР-00000272
КА-00003355,strict_duplicate_candidate,КА-00003120
КА-00005819,strict_duplicate_candidate,КА-00005294
КА-00006144,strict_duplicate_candidate,КА-00004824
ФР-00001662,strict_duplicate_candidate,ФР-00001357
ФР-00000332,strict_duplicate_candidate,ФР-00000148
ФР-00002198,exact_model_duplicate_candidate,КА-00006906
ФР-00002331,exact_model_duplicate_candidate,КА-00000154
КА-00002290,exact_model_duplicate_candidate,КА-00001418
КА-00002876,exact_model_duplicate_candidate,КА-00002745
ФР-00002012,strict_duplicate_candidate,КА-00000125
ФР-00001629,strict_duplicate_candidate,КА-00000781
КА-00004332,strict_duplicate_candidate,КА-00003527
ФР-00002305,strict_duplicate_candidate,КА-00000007
ФР-00002235,strict_duplicate_candidate,КА-00002822
КА-00005902,strict_duplicate_candidate,КА-00000470
КА-00005905,strict_duplicate_candidate,КА-00003323
КА-00005901,strict_duplicate_candidate,КА-00004854
КА-00005500,strict_duplicate_candidate,КА-00004618
ФР-00000613,strict_duplicate_candidate,КА-00005899
КА-00003395,strict_duplicate_candidate,КА-00003119
КА-00004933,strict_duplicate_candidate,КА-00003082
КА-00004355,strict_duplicate_candidate,КА-00004334
КА-00004356,strict_duplicate_candidate,КА-00004335
КА-00005903,strict_duplicate_candidate,КА-00005736
КА-00006481,strict_duplicate_candidate,КА-00006480
КА-00006684,strict_duplicate_candidate,КА-00004420
КА-00005717,strict_duplicate_candidate,КА-00004718
КА-00004376,strict_duplicate_candidate,КА-00004115
ФР-00002114,strict_duplicate_candidate,ФР-00002109
ФР-00001361,strict_duplicate_candidate,ФР-00000451
ФР-00001957,strict_duplicate_candidate,КА-00000057
ФР-00000158,strict_duplicate_candidate,ФР-00000022
КА-00006258,strict_duplicate_candidate,КА-00005126
КА-00001086,strict_duplicate_candidate,КА-00001009
ФР-00001998,strict_duplicate_candidate,КА-00004805
ФР-00001053,strict_duplicate_candidate,ФР-00000085
КА-00004261,strict_duplicate_candidate,КА-00003234
КА-00005621,strict_duplicate_candidate,КА-00005290
КА-00005347,strict_duplicate_candidate,КА-00004390
КА-00004754,strict_duplicate_candidate,КА-00002955
ФР-00000170,strict_duplicate_candidate,ФР-00000024
ФР-00000427,strict_duplicate_candidate,ФР-00000024
ФР-00000645,strict_duplicate_candidate,ФР-00000024
ФР-00001804,strict_duplicate_candidate,ФР-00001283
КА-00000499,strict_duplicate_candidate,КА-00000270
КА-00001338,strict_duplicate_candidate,КА-00000270
КА-00001613,strict_duplicate_candidate,КА-00000270
КА-00001612,strict_duplicate_candidate,КА-00001441
ФР-00001517,strict_duplicate_candidate,ФР-00000139
КА-00005360,strict_duplicate_candidate,КА-00004853
КА-00006139,strict_duplicate_candidate,КА-00004849
КА-00001300,strict_duplicate_candidate,КА-00000273
КА-00004977,strict_duplicate_candidate,КА-00004675
КА-00004821,strict_duplicate_candidate,КА-00002683
КА-00003371,strict_duplicate_candidate,КА-00003071
КА-00001750,strict_duplicate_candidate,КА-00001066
ФР-00000151,strict_duplicate_candidate,ФР-00000005
КА-00003843,strict_duplicate_candidate,КА-00002549
ФР-00001024,strict_duplicate_candidate,КА-00002768
КА-00003657,strict_duplicate_candidate,КА-00003026
КА-00001499,strict_duplicate_candidate,КА-00001150
КА-00004857,strict_duplicate_candidate,КА-00004371
КА-00004864,strict_duplicate_candidate,КА-00004792
КА-00005074,strict_duplicate_candidate,КА-00004898
ФР-00001128,strict_duplicate_candidate,ФР-00000480
КА-00002703,strict_duplicate_candidate,КА-00001877
ФР-00002233,strict_duplicate_candidate,КА-00004176
КА-00001660,strict_duplicate_candidate,КА-00001415
КА-00005955,strict_duplicate_candidate,КА-00002938
ФР-00001527,strict_duplicate_candidate,ФР-00001313
КА-00005198,strict_duplicate_candidate,КА-00004359
КА-00006550,strict_duplicate_candidate,КА-00006342
КА-00005573,strict_duplicate_candidate,КА-00004316
КА-00001383,strict_duplicate_candidate,КА-00000424
ФР-00002113,strict_duplicate_candidate,ФР-00002108
КА-00003691,strict_duplicate_candidate,КА-00002344
КА-00002766,strict_duplicate_candidate,КА-00001588
КА-00003365,strict_duplicate_candidate,КА-00003362
КА-00006676,strict_duplicate_candidate,КА-00004703
КА-00004207,strict_duplicate_candidate,КА-00003956
КА-00006165,strict_duplicate_candidate,КА-00006163
ФР-00001164,strict_duplicate_candidate,ФР-00001019
КА-00006382,strict_duplicate_candidate,КА-00003075
КА-00004799,strict_duplicate_candidate,КА-00004790
КА-00004800,strict_duplicate_candidate,КА-00004790
КА-00006257,strict_duplicate_candidate,КА-00006051
КА-00007051,strict_duplicate_candidate,КА-00004935
КА-00006041,strict_duplicate_candidate,КА-00001803
КА-00005788,strict_duplicate_candidate,КА-00005706
КА-00006089,strict_duplicate_candidate,КА-00004592
КА-00003364,strict_duplicate_candidate,КА-00003361
КА-00005543,strict_duplicate_candidate,КА-00004248
ФР-00001578,strict_duplicate_candidate,ФР-00001553
КА-00006502,strict_duplicate_candidate,КА-00006440
КА-00006031,strict_duplicate_candidate,КА-00005694
КА-00005787,strict_duplicate_candidate,КА-00005705
КА-00005786,strict_duplicate_candidate,КА-00005704
КА-00003129,strict_duplicate_candidate,КА-00003086
КА-00004726,strict_duplicate_candidate,КА-00003449
КА-00003448,strict_duplicate_candidate,КА-00002084
ФР-00001948,strict_duplicate_candidate,КА-00002608
КА-00005296,strict_duplicate_candidate,КА-00005256
КА-00003690,strict_duplicate_candidate,КА-00002618
КА-00003346,strict_duplicate_candidate,КА-00000275
ФР-00000735,strict_duplicate_candidate,ФР-00000729
КА-00004578,strict_duplicate_candidate,КА-00003774
КА-00005609,strict_duplicate_candidate,КА-00003777
КА-00006939,strict_duplicate_candidate,КА-00006592
КА-00002851,strict_duplicate_candidate,КА-00001060
КА-00005094,strict_duplicate_candidate,КА-00002215
КА-00001339,strict_duplicate_candidate,КА-00001070
КА-00005882,strict_duplicate_candidate,КА-00003303
КА-00001935,strict_duplicate_candidate,КА-00001928
ФР-00000824,strict_duplicate_candidate,РБ-00000023
ФР-00000890,strict_duplicate_candidate,КА-00005767
ФР-00002221,strict_duplicate_candidate,КА-00005767
ФР-00001123,strict_duplicate_candidate,КА-00002653
КА-00002976,strict_duplicate_candidate,КА-00002490
ФР-00000673,strict_duplicate_candidate,КА-00004737
КА-00005457,strict_duplicate_candidate,КА-00005015
ФР-00002317,strict_duplicate_candidate,КА-00000008
ФР-00002304,strict_duplicate_candidate,КА-00000006
КА-00001068,strict_duplicate_candidate,КА-00000031
ФР-00000580,strict_duplicate_candidate,ФР-00000118
ФР-00000577,strict_duplicate_candidate,ФР-00000115
ФР-00000578,strict_duplicate_candidate,ФР-00000097
ФР-00000579,strict_duplicate_candidate,ФР-00000114
ФР-00000405,strict_duplicate_candidate,ФР-00000098
ФР-00000404,strict_duplicate_candidate,ФР-00000111
ФР-00000403,strict_duplicate_candidate,ФР-00000109
КА-00004741,strict_duplicate_candidate,КА-00000454
ФР-00000498,strict_duplicate_candidate,КА-00001030
КА-00004309,strict_duplicate_candidate,КА-00002901
