row_number,product_external_id,name,rule,scope_reason
79,КА-00000100,"Конф""CANDY NUT""(ар,хруст.рис) Рошен 1 кг",unclassified,food
151,КА-00000174,"Конф.""КОРОВКА РОШЕН"" (негл.,мол.корп.)1кг",unclassified,food
154,КА-00000177,"Конф""CANDY NUT""(нуга/карам/арах/рис) 160г",unclassified,food
175,КА-00000198,"Набор ложек (столовых,12шт,175мм,белые)",unclassified,household
184,КА-00000207,012110 Лезвия д/ножей 18 мм Stanger 10шт в пласт. контейнере 50093 cтрана происхождения Китай,unclassified,household
188,КА-00000211,104318 Корзина д/бумаг 12л цельная Юни син. 0220503 страна происхождения Беларусь,unclassified,household
205,КА-00000229,7Н0422153Н VAG Гидравлический насос; страна ввоза - РФ,unclassified,automotive
206,КА-00000230,7Н1422893Н VAG Трубка ГУР; страна ввоза - РФ,unclassified,automotive
209,КА-00000233,"33616 01 LEMFORDER Пыльник, рулевое управление; страна ввоза - Польша",unclassified,automotive
210,КА-00000234,"27596 01 LEMFORDER Осевой шарнир, рулевая тяга; страна ввоза - Польша",unclassified,automotive
238,КА-00000262,0897 11 Колодки  тормозные  дисковые /комплект 4шт/  REMSA; страна ввоза - Германия,unclassified,automotive
239,КА-00000263,0986479S068 Тормозной диск; Страна ввоза- Китай,unclassified,automotive
240,КА-00000264,TITAN GT1 PRO C-3 5W30 1L Масло моторное синтет; страна ввоза - РФ,unclassified,automotive
254,КА-00000278,"021281 Карандаш ч/г ТМ Index, шестигран.заточ.черн.с дек.нак. I253 страна происхождения Китай",unclassified,office
260,КА-00000284,115400 Краска штемп.30мл Economix синяя 42201-02 страна происхождения Украина,unclassified,office
274,КА-00000298,"Ластик ""TECHNIC 300"" в целлоф.арт.011301",unclassified,office
319,КА-00000344,"59х32 мм штамп , изготовитель ЗАО ""Тродат-Бел"" РБ",unclassified,office
331,КА-00000356,Наклейка с надписью 350mah /Китай/,unclassified,office
333,КА-00000358,"Блокнот (145х200мм,40л,А5)",unclassified,office
347,КА-00000372,TITAN GT1 PRO C-3 5W30 1L Масло моторное синтет; страна ввоза - Евросоюз,unclassified,automotive
348,КА-00000373,114 -961 FA1 Хомуты глушителя; страна ввоза - РФ,unclassified,automotive
349,КА-00000374,OX188D KNECHT Фильтр масляный; страна ввоза - Австрия,unclassified,automotive
350,КА-00000375,TITAN GT1 PRO C-3 5W30 4L Масло моторное синтет; страна ввоза - Евросоюз,unclassified,automotive
351,КА-00000376,K1155 Фильтр салона FILTRON; страна ввоза - Польша,unclassified,automotive
353,КА-00000378,7H0129620A VAG Фильтр воздушный; страна ввоза - РФ,unclassified,automotive
358,КА-00000383,039986 Файл А4+ 30мкм Basic глад.глянц.100шт. 31106 страна происхождения Украина,unclassified,office
359,КА-00000384,"Календарь квартальный, подложка 300 г/м2, 4+0, 2 ст.мат.ламинация, стандартная сетка, люверс, 3 мет.",unclassified,office
388,КА-00000413,"047792 Файл А4 30мкм Berlingo гладк.,глянц.,100шт. S1000 страна происхождения Россия",unclassified,office
392,КА-00000417,Мини-маф. с нач. «ВАРЕНАЯ СГУЩЕНКА» 465 г.,unclassified,food
393,КА-00000418,"Жел.конф. ""БЕШЕНАЯ ПЧЕЛКА ФРУТТИ"" 200г",unclassified,food
394,КА-00000419,"Изд.кондитерск. ""ПТИЦА-СЛАДУНИЦА"" 1 кг",unclassified,food
475,КА-00000501,"38 мм печать , изготовитель ЗАО ""Тродат-Бел"" РБ",unclassified,office
481,КА-00000507,Антифриз (концентрат) Comma красного цвета 5л SLA5L; страна ввоза - Германия,unclassified,automotive
482,КА-00000508,AP157/4 Фильтр воздушный; страна ввоза - Украина,unclassified,automotive
484,КА-00000510,71-36079-00 Прокладка коллектора; страна ввоза - РФ,unclassified,automotive
485,КА-00000511,71-36076-00 Прокладка коллектора; страна ввоза - РФ,unclassified,automotive
486,КА-00000512,71-36074-00 Прокладка коллектора; страна ввоза - РФ,unclassified,automotive
487,КА-00000513,7H0121051D VAG Патрубок радиатора; страна ввоза - Германия,unclassified,automotive
488,КА-00000514,0250202023 Свеча накаливания; страна ввоза - Германия,unclassified,automotive
489,КА-00000515,30830006 К-т пыльника ШРУСА наружного; страна ввоза- Германия,unclassified,automotive
494,КА-00000520,Тумба выкатная 424*500*615 инв: 45013489;,unclassified,household
495,КА-00000521,Тумба стацион. 45*50*75 лев.,unclassified,household
496,КА-00000522,Шкаф гардеробный 778*410*1813 инв: 45012910;,unclassified,household
497,КА-00000523,Шкаф д/одежды СШО.40.200,unclassified,household
498,КА-00000524,Шкаф СШ.40.200.С прав.,unclassified,household
499,КА-00000525,Шкаф СШ.40.78 лев.,unclassified,household
509,КА-00000535,Контейнер 445*460*520 кальвадос (инв.н. М00516),unclassified,household
510,КА-00000536,Контейнер 445*460*520 кальвадос (инв.н. м00519),unclassified,household
511,КА-00000537,Контейнер 445*460*520 (инв.н. М01739),unclassified,household
517,КА-00000543,"Кухонные весы Caso L 15, КИТАЙ",unclassified,household
518,КА-00000544,Диспенсер для воды В-11,unclassified,household
519,КА-00000545,Стул на раме ISIT CHROME FJ-1,unclassified,household
520,КА-00000546,Стул на раме ISIT CHROME ZT-13,unclassified,household
521,КА-00000547,Стул ISO CHROME,unclassified,household
525,КА-00000551,Тумба выкатная на 3 ящика (инв.н.М06511),unclassified,household
526,КА-00000552,Тумба выкатная на 3 ящика (инв.н.М06624),unclassified,household
527,КА-00000553,Шкаф для документов открытый (инв.н.М14092),unclassified,household
528,КА-00000554,Шкаф картотечный 210*275*425мм (инв.н.М15691),unclassified,household
529,КА-00000555,Шкаф картотечный 210*275*425мм (инв.н.М15692),unclassified,household
530,КА-00000556,Шкаф картотечный 210*275*425мм (инв.н.М15693),unclassified,household
534,КА-00000560,"044791 Файл А4 40мкм Lite глад.,глянц., 100шт. GF0004T100L страна происхождения Россия",unclassified,office
537,КА-00000563,020836 Краска штемп.50мл Sponsor синяя SSI50-B страна происхождения Россия,unclassified,office
538,КА-00000564,020313 Антистеплер Sponsor ассорти SSR01 страна происхождения Китай,unclassified,office
540,КА-00000566,055422 Зажим д/бумаг 15мм Lite черный Z15L-12K страна происхождения Китай,unclassified,office
541,КА-00000567,"051779 Карандаш ч/г ТМ Lite заточ., шестигран., пласт., зел. PGNBPLL-HB страна происхождения Китай",unclassified,office
543,КА-00000569,107307 Корзина д/бумаг 10л сетчатая черная 022038 страна происхождения Беларусь,unclassified,household
544,КА-00000570,"048664 Ластик Format прямоуг., белый 81780 страна происхождения Украина",unclassified,office
551,КА-00000577,007369 Скобы №10 Eagle 1000шт 1004 страна происхождения Китай,unclassified,office
552,КА-00000578,101400 Скобы №10 Kangaro 1000шт 10-1М (1000),unclassified,office
558,КА-00000584,369394 Оснастка д/штампа круглая Ideal 46042 D=40мм красная в боксе 46042к страна происхождения,unclassified,office
566,КА-00000592,"041437 Файл А4+ 30 мкм Economix гладк.,глянц.,20шт. 31111 страна происхождения Украина",unclassified,office
571,КА-00000597,"046435 Файл А4 25мкм Lite текстур.,100 шт. GF0004T100L/25 страна происхождения Россия",unclassified,office
575,КА-00000601,900230 Лезвия д/ножей 18мм Forpus 10шт в пласт.контейнере FO60802 страна происхождения Китай,unclassified,household
582,КА-00000609,Наклейка 4+0,unclassified,office
591,КА-00000618,"P49045 BREMBO Комплект тормозных колодок, дисковый тормоз; страна ввоза - Евросоюз",unclassified,automotive
610,КА-00000637,"Наклейка 44*39 мм, комплект 400 шт.",unclassified,office
614,КА-00000641,333116 Клише штампа 4928 (60х30) 4928 к страна происхождения Беларусь,unclassified,office
616,КА-00000643,301023 Оснастка д/штампа Trodat 4928 60*33 черная 4928ч страна происхождения Австрия,unclassified,office
619,КА-00000646,039987 Файл А4+ 30мкм Basic текстур.матов.100шт. 31106-50 страна происхождения Украина,unclassified,office
621,КА-00000648,"044120 Блокнот A5 48л.кл.,н/спирали,обл.мел.карт.,Аккорд,асс. 20238 страна происхождения Украина",unclassified,office
627,КА-00000654,Шкаф ШРМ АК,unclassified,household
642,КА-00000669,014445 Скобы №10 Глобус 1000шт. стальные С10-1000 страна происхождения Россия,unclassified,office
643,КА-00000670,041667 Скобы №24/6 Format 1000шт. 47302 страна происхождения Украина,unclassified,office
646,КА-00000673,"037115 Файл А4 40мкм inФормат гладк.,глянц.,100шт. GF004T100/40 страна происхождения Россия",unclassified,office
661,КА-00000688,Тумба-1п2д (700x450x700),unclassified,household
694,КА-00000721,"047587  Карандаш ч/г TM Flexy заточ.трехгран.,корп.пласт.серый ВР01016 страна происхождения Китай",unclassified,office
699,КА-00000726,067163 Корзина д/бумаг 12л пласт.сетчатая черная TZ11823 страна происхождения Россия,unclassified,household
710,КА-00000737,047869 Скобы №10 Berlingo 1000шт.оцинкованные SH505 страна происхождения Китай,unclassified,office
727,КА-00000754,"Блокнот (110x145мм,40л.,А6)",unclassified,office
748,КА-00000775,"Наклейки нов(3D,30X38см,WS-01)зол.снеж",unclassified,office
749,КА-00000776,"Наклейки нов(3D,30X38см,WS-01)фиол.бел.с",unclassified,office
762,КА-00000789,"044791 Файл А4 30мкм Lite гладк.,глянц.,100шт.GF0004T100L страна происхождения Россия",unclassified,office
775,КА-00000802,042911 Карандаш ч/г TM Economix заточ.шестигран.корп.черн/желт. 11320 страна происхождения Украина,unclassified,office
785,КА-00000813,333105 Клише штампа 4913 (58x22) 4913 к страна происхождения Беларусь,unclassified,office
790,КА-00000818,056839 Оснастка д/штампа Ideal 4913 58*22мм черная страна происхождения РОССИЯ,unclassified,office
794,КА-00000822,039986 Файл А4+ 30мкм Economix глад.глянц.100шт. 31106 страна происхождения Украина,unclassified,office
795,КА-00000823,"045288 Штамп ""Копия"" (без/рамки)38*14мм Colop C20 Prin.C20 1.50 страна происхождения Австрия",unclassified,office
803,КА-00000831,"021685 Блокнот А7 40л кл.н/греб.обл.лам,Index синий INLcl-7/40bu страна происхождения Россия",unclassified,office
846,КА-00000874,"Наклейки 31*26, пленка самокл., 1 компл=200шт.",unclassified,office
910,КА-00000938,Самоклеящаяся этикетка напечанная 50*25,unclassified,office
1020,КА-00001051,020796 Скобы №10 Index 1000шт IS10 страна происхождения Китай,unclassified,office
1058,КА-00001090,"GCH132 TRW Трос, стояночная тормозная система; страна ввоза - РФ",unclassified,automotive
1138,КА-00001170,Печать на самоклеющейся пленке,unclassified,office
1169,КА-00001201,"Конс.мол.""МОЛ.СГУЩ.""(цельн,8.5%,кол)380г",unclassified,food
1177,КА-00001209,Нож кухонный поварской (20 см),unclassified,household
1248,КА-00001280,Самоклеящаяся этикетка напечанная 30*25,unclassified,office
1249,КА-00001281,Этикетка с/к 40*25 ТЭКО 1000 эт./рул,unclassified,office
1258,КА-00001290,Этикетка с/к 58*40 ТЭКО 1000 эт./рул.РБ 0580403010005000,unclassified,office
1287,КА-00001320,116477 Наклейки на клавиатуру черн. с желт. рус. и белыми англ. буквами страна происхождения Китай,unclassified,office
1288,КА-00001321,Этикетка с/к 58*40 700эт./рул.,unclassified,office
1342,КА-00001375,"Кухонные весы FIRST Austria FA-6401-1 (голубой), страна производитель КИТАЙ",unclassified,household
1381,КА-00001414,Этикетка с/к 58*40 ТЭКО 700 эт./рул.,unclassified,office
1403,КА-00001436,Карандаш ч/г (260820),unclassified,office
1415,КА-00001448,"039986 Файл А4+ 30мкм Economix гладк., глянц.,100шт. 31106 страна происхождения Украина",unclassified,office
1430,КА-00001463,"047792 Файл А4 30мкм Berlingo гладк., глянц., 100шт. S1000 страна происхождения Россия",unclassified,office
1435,КА-00001468,016624 блокнот А5 40л кл.н/греб.об.карт.ВД-лак Корпоратив зеленый 40BG5M5KOG страна происх. Россия,unclassified,office
1436,КА-00001469,"069821 Блокнот ~ А5 40л.,н/греб.б/графл.,обл.мел.карт.Абстракция С4172-30 страна происхожд.Россия",unclassified,office
1459,КА-00001492,"наклейки 39*43мм, глянцевая пленка (1комплект=300шт)",unclassified,office
1471,КА-00001504,"этикетки самоклеящиеся 75*120/40-300 Т.Эко, Беларусь",unclassified,office
1486,КА-00001519,"000542 Ластик со скошен.краями, комбинирован. бел./серый",unclassified,office
1488,КА-00001521,012110 Лезвия д/ножей 18мм Stanger 10шт в пласт.контейнере,unclassified,household
1492,КА-00001525,"Конф. гл ""PETER RONNEN"" (нуг,кар,орех) 200г",unclassified,food
1571,КА-00001604,"012616 Блокнот А/5*, 48л,н/греб.кл.обл.мел.карт.ассорти С28/ас. страна происхождения Россия",unclassified,office
1574,КА-00001607,"Календарь квартальный А4, шапка/3 рекл, поля 350 г/м2, 4+0, 2 ст. мат. ламинация, стандартная сетка",unclassified,office
1601,КА-00001634,TITAN GT1 PRO C-3 5W30 1L Масло моторное синтет 601426414; страна ввоза - РФ,unclassified,automotive
1602,КА-00001635,TITAN GT1 PRO C-3 5W30 4L Масло моторное синтет; страна ввоза - РФ,unclassified,automotive
1624,КА-00001657,"Наклейка 10*30 мм, саморазруш. пленка, комплект 2000шт.",unclassified,office
1712,КА-00001746,Подставка для ножей пластиковая с крышкой,unclassified,office
1713,КА-00001747,подставка для ножей пластиковая  с нитями,unclassified,office
1780,КА-00001814,Пластиковый корпус GPS-локатора (кв),unclassified,office
1781,КА-00001815,Пластиковый корпус GPS-локатора (лапка),unclassified,office
1810,КА-00001844,007051 Каранадаш ч/г ТМ Dark заточ. с ластик.цв.асс.корп.чер,unclassified,office
1855,КА-00001890,K1316 Фильтр салона FILTRON; страна ввоза-Польша,unclassified,automotive
1856,КА-00001891,AP113/6 Фильтр воздушный FILTRON; страна ввоза-Польша,unclassified,automotive
1929,КА-00001965,"Наклейки 38*44мм, глянцевая пленка",unclassified,office
2018,КА-00002057,"Наклейка 49*34 мм, резка пленки, компл. 17500 шт.",unclassified,office
2100,КА-00002139,HU 719/7X Фильтр масляной; страна ввоза - Польша,unclassified,automotive
2102,КА-00002141,COMMA 5W30 XTECH (1L)масло моторное XTC1L; страна ввоза РФ,unclassified,automotive
2103,КА-00002142,FAVORIT STAHLSYNT Inteliect SL 10W40 API 5л Масло моторное; страна ввоза-РФ,unclassified,automotive
2104,КА-00002143,AP157/4 Фильтр воздушный; страна ввоза - Польша,unclassified,automotive
2132,КА-00002172,ОС1183 KNECHT Фильтр масляный; страна ввоза - Австрия,unclassified,automotive
2313,КА-00002357,"065951 Карандаш ч/г ТМ Green Series б/ласт.,заточ.,корп.пл.асс.ВР00860",unclassified,office
2314,КА-00002358,"047592 Ластик Berlingo Animals прямоуг.,ассорти Blc_00150 страна происхождения Китай",unclassified,office
2321,КА-00002365,"052305 Файл А4 Office Space 30мкм гладк.,глянц.100 шт. ПВ_30ГЛ страна происхождения Россия",unclassified,office
2329,КА-00002373,076787 Карандаши 12цв.ARTSpace Милые зверушки заточ.шестигран. СР_41020 страна происхождения Россия,unclassified,office
2413,КА-00002459,"Наклейки 30*25мм, глянцевая пленка",unclassified,office
2423,КА-00002469,"Корректор карандаш 7 мл, арт. W39299",unclassified,office
2424,КА-00002470,"Ластик 430 ""MILAN"", арт. CMM430",unclassified,office
2491,КА-00002538,Самоклеящася этикетка напечатанная 38*43,unclassified,office
2527,КА-00002574,"Конс.мол.""МОЛ.СГУЩ.""(цельн,8.5%,д/п)270г",unclassified,food
2533,КА-00002580,"G1025B, Корпус для РЭА 197х113х63мм, пластик, черный\Gainta",unclassified,office
2537,КА-00002584,BD-8001 Колодки тормозные LYNXauto; страна ввоза - Германия,unclassified,automotive
2585,КА-00002632,Корпус пластиковый белый,unclassified,office
2590,КА-00002637,Груша Конференция 1кг,unclassified,food
2662,КА-00002709,"Скобы №10 KANGARO (1000 шт.), арт. 10-1М",unclassified,office
2666,КА-00002713,"Карандаш c ластиком ECONOMIX ""НЕОН"", НВ, арт. 11329",unclassified,office
2680,КА-00002727,"Пластиковая ложка столовая одноразовая 16,3 см, 100 шт./упак., эконом, белая",unclassified,office
2707,КА-00002754,Кресло Бюрократ Ch-599AXSN черный TW-01 сиденье черный TW-11 сетка/ткань крестовина пластик,unclassified,office
2847,КА-00002894,"Антистеплер OfficeSpace чёрный, арт. RBL_435",unclassified,office
2946,КА-00002993,"Конф.""КРОКАНТ"" (грил.корпус глаз.) 180г",unclassified,food
3036,КА-00003083,Самоклеящася этикетка напечатанная 77*100,unclassified,office
3086,КА-00003134,"Штамп 12 IMPRINT (47х18 мм), Республика Беларусь. Артикул 2 IMPRINT",unclassified,office
3110,КА-00003158,Z07336 Колодки тормозные дисковые,unclassified,automotive
3172,КА-00003221,Самоклеящаяся этикетка напечанная пленка,unclassified,office
3205,КА-00003254,Зажим д/бумаг 19мм Classic асс.,unclassified,office
3206,КА-00003255,Зажим д/бумаг 41мм Attache черный,unclassified,office
3327,КА-00003377,"Наклейка на клавиатуру, РБ",unclassified,office
3360,КА-00003410,"Точилка пластиковая с контейнером  BRAUBERG ""Mix"", ассорти, арт. 228448",unclassified,office
3361,КА-00003411,"Скобы №10 SILWERHOF (упак.:1000шт.), арт. 422455",unclassified,office
3362,КА-00003412,"Скобы №10 STAFF 1000шт/уп, арт. 220428",unclassified,office
3363,КА-00003413,"Скобы №24/6 STAFF 1000шт/уп, арт. 220429",unclassified,office
3491,КА-00003541,"Наклейка А6, 1+0, 1056 шт.",unclassified,office
3675,КА-00003725,"Лезвия для ножа большие STAFF ""Basic"" 18 мм КОМПЛЕКТ 10 ШТ., толщина лезвия 0,38 мм, в пластиковом п",unclassified,office
4275,КА-00004327,"Карандаш чернографитный OPTIMA Pearl круглый, НВ, арт. 15537",unclassified,office
4445,КА-00004499,"Скобы №10 KANGARO (1000 шт.) жёлтый, арт. №10 yellow",unclassified,office
4479,КА-00004533,Кухонные весы Garin Высокоточные Точный Вес JS3 / БЛ17557,unclassified,household
4628,КА-00004683,Valvoline SynPower DX1 5W30 5л Масло моторное,unclassified,automotive
4629,КА-00004684,K 1316 = LA1139 KNECHT фильтр салона!\ Mazda CX-5 2.01 11>,unclassified,automotive
4630,КА-00004685,АР 113/6 _фильтр воздушный! Mazda 6/CX-5 2.0 11>,unclassified,automotive
4631,КА-00004686,Жидкость тормозная Brembo DOT 4.1л,unclassified,automotive
4632,КА-00004687,"W 6018_фильтр масляный !(OC1183)\Mazda 323/3/626, Nissan Primera 1.3-2.2 89>",unclassified,automotive
4747,КА-00004806,Холдер пластиковый 2*4 /Китай/,unclassified,office
4748,КА-00004807,Холдер пластиковый 3*4 /Китай/,unclassified,office
4749,КА-00004808,Холдер пластиковый 5*8 /Китай/,unclassified,office
4750,КА-00004809,Холдер пластиковый  4*7 /Китай/,unclassified,office
4751,КА-00004810,Холдер пластиковый 4*8 /Китай/,unclassified,office
4879,КА-00004941,32140 холдер пластиковый 1*2 / Китай/,unclassified,office
4880,КА-00004942,Кофр пластиковый 8300 ВН300*180*148 IP67 /Китай/,unclassified,office
4893,КА-00004955,Краска штемп.30мл Berlingo фиолетовая,unclassified,office
5088,КА-00005152,"Корзина д/бумаг 11л сетчатая, пласт., высота 260мм, черная 299873",unclassified,household
5094,КА-00005158,"070191 Корзина д/бумаг 11л сетчатая,пласт.,высота 260мм, черная 299873/Россия/",unclassified,household
5161,КА-00005225,"Наклейка ТЕРРА 20х40, синие",unclassified,office
5210,КА-00005275,"Наклейка 60х33 мм, с дизайном-макетом",unclassified,office
5236,КА-00005302,Самоклеящаяся этикетка напечанная 33*73 на пленке,unclassified,office
5262,КА-00005328,"25564. 160. 2 Комплект тормозный колодок, дисковой тормоз; страна ввоза-РФ",unclassified,automotive
5263,КА-00005329,DF8053 Тормозной диск; страна ввоза-РФ,unclassified,automotive
5266,КА-00005332,DF8052_диск тормозной передний!\ Mazda 6/CX-5 2.0/2 2D 11>; страна ввоза-РФ,unclassified,automotive
5267,КА-00005333,"GDB2163 Колодки тормозные дисковые задн Mazda CX-5 (KE, KF) 11-; страна ввоза-РФ",unclassified,automotive
5270,КА-00005336,"COMMA 5W30 XTECH (5L)_масло моторное!\ ACEA A5/B5,API SL/CF FORD WSS-M2C913-C (913-B;913-А); РФ",unclassified,automotive
5280,КА-00005346,Самоклеящаяся этикетка напечатанная пленка (в ассортименте),unclassified,office
5336,КА-00005402,"Антистеплер Staff Everyday №10,24/6, 26/6 черный 224628 страна происхождения Китай",unclassified,office
5337,КА-00005403,Скобы №10 Silwerhof 1000шт. оцинков. 422455/421011-40 страна происхождения Китай,unclassified,office
5367,КА-00005433,Наклейка 280х170 мм,unclassified,office
5604,КА-00005670,"Карандаш авт.0,5мм Brauberg Comfort с ласт.,корп.черн. 180284 / Китай",unclassified,office
5608,КА-00005674,"Файл А4 30мкм Brauberg Economy гладк.,глянц.,100шт. 229659  / Китай",unclassified,office
5611,КА-00005677,Краска штемп.50мл Staff Manager синяя 227530 / Россия,unclassified,office
5685,КА-00005751,Самоклеящаяся этикетка напечатанная 120*70,unclassified,office
5694,КА-00005760,Самоклеящаяся этикетка напечанная 130*55 на пленке,unclassified,office
5767,КА-00005833,Карандаш ч/г TM Staff с ласт.заточ.шестигран.корп.пласт.зал. страна происхождения Китай,unclassified,office
5793,КА-00005859,Тормозная жидкость,unclassified,automotive
5794,КА-00005860,Очиститель тормозн.,unclassified,automotive
5801,КА-00005867,Очиститель тормозных колодок и элементов сцеплен. ТУРЦИЯ,unclassified,automotive
5847,КА-00005913,Корпус пластиковый 4R25 /Китай/,unclassified,office
5876,КА-00005942,Самоклеящаяся этикетка напечатанная 75*50,unclassified,office
5919,КА-00005985,"Блокнот А5 148*210 мм, 50 л., в клетку ""AgeBag"" Clairefrontaine спираль сбоку,обл.карт.,черн. Китай",unclassified,office
5950,КА-00006016,W 6018_фильтр масляный MANN; страна ввоза - РФ,unclassified,automotive
5951,КА-00006017,Kroon Oil Xedoz FE 5W-30 5л Масло моторное; страна ввоза _ РФ,unclassified,automotive
5952,КА-00006018,К 1316= LA1139 KNECHT_фильтр салона!\,unclassified,automotive
5953,КА-00006019,F 026 400 347_фильтр воздушный!\,unclassified,automotive
5992,КА-00006058,Самоклеящаяся этикетка напечатанная 76*44,unclassified,office
6009,КА-00006075,"G1015, Корпус для РЭА 72х44х22мм, пластик, черный\Gainta, Тайвань (Китай)",unclassified,office
6020,КА-00006086,Самоклеящаяся этикетка напечатанная 40*30 пленка,unclassified,office
6068,КА-00006134,Самоклеящаяся этикетка напечатанная 130*55 / пленка,unclassified,office
6071,КА-00006137,Календари квартальные,unclassified,office
6205,КА-00006271,Самоклеящаяся этикетка напечатанная 27*60,unclassified,office
6208,КА-00006274,"Корпус для РЭА 74х44х22мм, пластик, черный",unclassified,office
6225,КА-00006291,Лопата снегоуборочная пластиковая с черенком ЛСПЛ-ЧР,unclassified,office
6289,КА-00006355,"Блокнот А5 60л.кл.н/герб., Для конференций зеленый Б5гр60 8591/Россия",unclassified,food
6321,КА-00006387,Многоразовый электрохирургический карандаш,unclassified,office
6393,КА-00006459,Этикетка с/х 58*40 ТЭКО 1000 эт./рул.,unclassified,office
6513,КА-00006579,Барабанная тормозная крышка /Китай/,unclassified,automotive
6535,КА-00006601,Самоклеящаяся этикетка напечатанная 45*50,unclassified,office
6548,КА-00006614,Файл А4 22-25мкм OfficeSpace гладк. глянцевый 100 шт./Россия,unclassified,office
6716,КА-00006782,Ластик BlueStar 6521/80 скошен. комбинир.красн./синий 6521/80/Чехия/,unclassified,office
6804,КА-00006870,Тормозная жидкость Super Dot-4 880гр. /Россия/,unclassified,automotive
7003,КА-00007069,"Файл А4 25мкм OfficeSpace гладк., глянц. 100шт./Россия/",unclassified,office
7009,КА-00007075,Корзина д/бумаг 18л. Luscan металл. сетка черная / Китай/,unclassified,household
8283,ФР-00001328,Наклейка 1+0,unclassified,office
8351,ФР-00001397,"ST2A SN Светильник ЭРА штампованный поворотный MR16,12V, 50W сатин никель(10/100),Россия.",unclassified,office
8752,ФР-00001829,"Комплект рычагов гидравлического тормоза, длина масляной трубки 1500 мм, нормальная длина тормозного",unclassified,automotive
8883,ФР-00001973,Коробка KM40022 установочная d65х46мм для полых стен (с саморезами и пластиковыми лапками),unclassified,office
9012,ФР-00002107,"Календарь квартальный А4, шапка/3 рекл, поля 350 г/м2, 4+0, 2 ст. мат. ламинация, стандартная, сетка",unclassified,office
9051,ФР-00002155,Файл А4 + 30 мкм,unclassified,office
