Bitrix ID раздела,Родитель ID,Название,Путь на сайте,Ссылка на сайт,🟥 1С-группа (заполнить)
409,372,Для ИБП,akkumulyatory/dlya_ibp,https://microchips.by/catalog/akkumulyatory/dlya_ibp/,
410,409,AGM,akkumulyatory/dlya_ibp/agm,https://microchips.by/catalog/akkumulyatory/dlya_ibp/agm/,
411,409,GEL,akkumulyatory/dlya_ibp/gelevye,https://microchips.by/catalog/akkumulyatory/dlya_ibp/gelevye/,
415,409,OPzS,akkumulyatory/dlya_ibp/opzs,https://microchips.by/catalog/akkumulyatory/dlya_ibp/opzs/,
427,372,Промышленные аккумуляторы,akkumulyatory/promyshlennye,https://microchips.by/catalog/akkumulyatory/promyshlennye/,
401,427,Для раций (радиостранций),akkumulyatory/promyshlennye/dlya_ratsiy,https://microchips.by/catalog/akkumulyatory/promyshlennye/dlya_ratsiy/,
414,427,Для резервного питания,akkumulyatory/promyshlennye/dlya_rezervnogo_pitaniya,https://microchips.by/catalog/akkumulyatory/promyshlennye/dlya_rezervnogo_pitaniya/,
906,427,Для касс,akkumulyatory/promyshlennye/dlya-kass,https://microchips.by/catalog/akkumulyatory/promyshlennye/dlya-kass/,
482,427,Для медицинской техники,akkumulyatory/promyshlennye/dlya-meditsinskoy-tekhniki,https://microchips.by/catalog/akkumulyatory/promyshlennye/dlya-meditsinskoy-tekhniki/,
624,482,3Gen,akkumulyatory/promyshlennye/dlya-meditsinskoy-tekhniki/3gen,https://microchips.by/catalog/akkumulyatory/promyshlennye/dlya-meditsinskoy-tekhniki/3gen/,
625,482,Abbott,akkumulyatory/promyshlennye/dlya-meditsinskoy-tekhniki/abbott,https://microchips.by/catalog/akkumulyatory/promyshlennye/dlya-meditsinskoy-tekhniki/abbott/,
823,482,Acare,akkumulyatory/promyshlennye/dlya-meditsinskoy-tekhniki/acare,https://microchips.by/catalog/akkumulyatory/promyshlennye/dlya-meditsinskoy-tekhniki/acare/,
626,482,Aeonmed,akkumulyatory/promyshlennye/dlya-meditsinskoy-tekhniki/aeonmed,https://microchips.by/catalog/akkumulyatory/promyshlennye/dlya-meditsinskoy-tekhniki/aeonmed/,
627,482,Agilent,akkumulyatory/promyshlennye/dlya-meditsinskoy-tekhniki/agilent,https://microchips.by/catalog/akkumulyatory/promyshlennye/dlya-meditsinskoy-tekhniki/agilent/,
628,482,Ahram Biosystems,akkumulyatory/promyshlennye/dlya-meditsinskoy-tekhniki/ahram-biosystems,https://microchips.by/catalog/akkumulyatory/promyshlennye/dlya-meditsinskoy-tekhniki/ahram-biosystems/,
629,482,Air Shields-Vickers,akkumulyatory/promyshlennye/dlya-meditsinskoy-tekhniki/air-shields-vickers,https://microchips.by/catalog/akkumulyatory/promyshlennye/dlya-meditsinskoy-tekhniki/air-shields-vickers/,
630,482,Alaris,akkumulyatory/promyshlennye/dlya-meditsinskoy-tekhniki/alaris,https://microchips.by/catalog/akkumulyatory/promyshlennye/dlya-meditsinskoy-tekhniki/alaris/,
631,482,ADC,akkumulyatory/promyshlennye/dlya-meditsinskoy-tekhniki/american-diagnostic-corporation,https://microchips.by/catalog/akkumulyatory/promyshlennye/dlya-meditsinskoy-tekhniki/american-diagnostic-corporation/,
632,482,Amico,akkumulyatory/promyshlennye/dlya-meditsinskoy-tekhniki/amico,https://microchips.by/catalog/akkumulyatory/promyshlennye/dlya-meditsinskoy-tekhniki/amico/,
633,482,AMPall,akkumulyatory/promyshlennye/dlya-meditsinskoy-tekhniki/ampall,https://microchips.by/catalog/akkumulyatory/promyshlennye/dlya-meditsinskoy-tekhniki/ampall/,
634,482,Angel,akkumulyatory/promyshlennye/dlya-meditsinskoy-tekhniki/angel,https://microchips.by/catalog/akkumulyatory/promyshlennye/dlya-meditsinskoy-tekhniki/angel/,
824,482,Annol,akkumulyatory/promyshlennye/dlya-meditsinskoy-tekhniki/annol,https://microchips.by/catalog/akkumulyatory/promyshlennye/dlya-meditsinskoy-tekhniki/annol/,
831,482,Anritsu,akkumulyatory/promyshlennye/dlya-meditsinskoy-tekhniki/anritsu,https://microchips.by/catalog/akkumulyatory/promyshlennye/dlya-meditsinskoy-tekhniki/anritsu/,
635,482,AOLI,akkumulyatory/promyshlennye/dlya-meditsinskoy-tekhniki/aoli,https://microchips.by/catalog/akkumulyatory/promyshlennye/dlya-meditsinskoy-tekhniki/aoli/,
636,482,Arcomed,akkumulyatory/promyshlennye/dlya-meditsinskoy-tekhniki/arcomed,https://microchips.by/catalog/akkumulyatory/promyshlennye/dlya-meditsinskoy-tekhniki/arcomed/,
637,482,Asena,akkumulyatory/promyshlennye/dlya-meditsinskoy-tekhniki/asena,https://microchips.by/catalog/akkumulyatory/promyshlennye/dlya-meditsinskoy-tekhniki/asena/,
649,482,Aspect Medical Systems,akkumulyatory/promyshlennye/dlya-meditsinskoy-tekhniki/aspect-medical-systems,https://microchips.by/catalog/akkumulyatory/promyshlennye/dlya-meditsinskoy-tekhniki/aspect-medical-systems/,
638,482,Atmos,akkumulyatory/promyshlennye/dlya-meditsinskoy-tekhniki/atmos,https://microchips.by/catalog/akkumulyatory/promyshlennye/dlya-meditsinskoy-tekhniki/atmos/,
639,482,ATYS,akkumulyatory/promyshlennye/dlya-meditsinskoy-tekhniki/atys,https://microchips.by/catalog/akkumulyatory/promyshlennye/dlya-meditsinskoy-tekhniki/atys/,
640,482,B. Braun,akkumulyatory/promyshlennye/dlya-meditsinskoy-tekhniki/b-braun,https://microchips.by/catalog/akkumulyatory/promyshlennye/dlya-meditsinskoy-tekhniki/b-braun/,
641,482,BCI,akkumulyatory/promyshlennye/dlya-meditsinskoy-tekhniki/bci,https://microchips.by/catalog/akkumulyatory/promyshlennye/dlya-meditsinskoy-tekhniki/bci/,
642,482,Bellavista,akkumulyatory/promyshlennye/dlya-meditsinskoy-tekhniki/bellavista,https://microchips.by/catalog/akkumulyatory/promyshlennye/dlya-meditsinskoy-tekhniki/bellavista/,
643,482,Biocare,akkumulyatory/promyshlennye/dlya-meditsinskoy-tekhniki/biocare,https://microchips.by/catalog/akkumulyatory/promyshlennye/dlya-meditsinskoy-tekhniki/biocare/,
644,482,Biohit,akkumulyatory/promyshlennye/dlya-meditsinskoy-tekhniki/biohit,https://microchips.by/catalog/akkumulyatory/promyshlennye/dlya-meditsinskoy-tekhniki/biohit/,
645,482,Biolat,akkumulyatory/promyshlennye/dlya-meditsinskoy-tekhniki/biolat,https://microchips.by/catalog/akkumulyatory/promyshlennye/dlya-meditsinskoy-tekhniki/biolat/,
646,482,Biolight,akkumulyatory/promyshlennye/dlya-meditsinskoy-tekhniki/biolight,https://microchips.by/catalog/akkumulyatory/promyshlennye/dlya-meditsinskoy-tekhniki/biolight/,
647,482,Biomed,akkumulyatory/promyshlennye/dlya-meditsinskoy-tekhniki/biomed,https://microchips.by/catalog/akkumulyatory/promyshlennye/dlya-meditsinskoy-tekhniki/biomed/,
648,482,Bionet,akkumulyatory/promyshlennye/dlya-meditsinskoy-tekhniki/bionet,https://microchips.by/catalog/akkumulyatory/promyshlennye/dlya-meditsinskoy-tekhniki/bionet/,
650,482,BrandTech,akkumulyatory/promyshlennye/dlya-meditsinskoy-tekhniki/brandtech,https://microchips.by/catalog/akkumulyatory/promyshlennye/dlya-meditsinskoy-tekhniki/brandtech/,
651,482,Bullard,akkumulyatory/promyshlennye/dlya-meditsinskoy-tekhniki/bullard,https://microchips.by/catalog/akkumulyatory/promyshlennye/dlya-meditsinskoy-tekhniki/bullard/,
652,482,Burdick,akkumulyatory/promyshlennye/dlya-meditsinskoy-tekhniki/burdick,https://microchips.by/catalog/akkumulyatory/promyshlennye/dlya-meditsinskoy-tekhniki/burdick/,
653,482,Cardinal Health,akkumulyatory/promyshlennye/dlya-meditsinskoy-tekhniki/cardinal-medical,https://microchips.by/catalog/akkumulyatory/promyshlennye/dlya-meditsinskoy-tekhniki/cardinal-medical/,
654,482,Cardioline,akkumulyatory/promyshlennye/dlya-meditsinskoy-tekhniki/cardioline,https://microchips.by/catalog/akkumulyatory/promyshlennye/dlya-meditsinskoy-tekhniki/cardioline/,
655,482,CardioNova,akkumulyatory/promyshlennye/dlya-meditsinskoy-tekhniki/cardionova,https://microchips.by/catalog/akkumulyatory/promyshlennye/dlya-meditsinskoy-tekhniki/cardionova/,
657,482,Carejoy,akkumulyatory/promyshlennye/dlya-meditsinskoy-tekhniki/carejoy,https://microchips.by/catalog/akkumulyatory/promyshlennye/dlya-meditsinskoy-tekhniki/carejoy/,
658,482,Carestream,akkumulyatory/promyshlennye/dlya-meditsinskoy-tekhniki/carestream,https://microchips.by/catalog/akkumulyatory/promyshlennye/dlya-meditsinskoy-tekhniki/carestream/,
656,482,Care Vision,akkumulyatory/promyshlennye/dlya-meditsinskoy-tekhniki/care-vision,https://microchips.by/catalog/akkumulyatory/promyshlennye/dlya-meditsinskoy-tekhniki/care-vision/,
660,482,Carewell,akkumulyatory/promyshlennye/dlya-meditsinskoy-tekhniki/carewell,https://microchips.by/catalog/akkumulyatory/promyshlennye/dlya-meditsinskoy-tekhniki/carewell/,
661,482,CAS Medical Systems,akkumulyatory/promyshlennye/dlya-meditsinskoy-tekhniki/cas-medical-systems,https://microchips.by/catalog/akkumulyatory/promyshlennye/dlya-meditsinskoy-tekhniki/cas-medical-systems/,
662,482,Cefar,akkumulyatory/promyshlennye/dlya-meditsinskoy-tekhniki/cefar,https://microchips.by/catalog/akkumulyatory/promyshlennye/dlya-meditsinskoy-tekhniki/cefar/,
663,482,ChoiceMMed,akkumulyatory/promyshlennye/dlya-meditsinskoy-tekhniki/choicemmed,https://microchips.by/catalog/akkumulyatory/promyshlennye/dlya-meditsinskoy-tekhniki/choicemmed/,
664,482,Circadiance,akkumulyatory/promyshlennye/dlya-meditsinskoy-tekhniki/circadiance,https://microchips.by/catalog/akkumulyatory/promyshlennye/dlya-meditsinskoy-tekhniki/circadiance/,
665,482,CME,akkumulyatory/promyshlennye/dlya-meditsinskoy-tekhniki/cme,https://microchips.by/catalog/akkumulyatory/promyshlennye/dlya-meditsinskoy-tekhniki/cme/,
667,482,Comen,akkumulyatory/promyshlennye/dlya-meditsinskoy-tekhniki/comen,https://microchips.by/catalog/akkumulyatory/promyshlennye/dlya-meditsinskoy-tekhniki/comen/,
668,482,Compex,akkumulyatory/promyshlennye/dlya-meditsinskoy-tekhniki/compex,https://microchips.by/catalog/akkumulyatory/promyshlennye/dlya-meditsinskoy-tekhniki/compex/,
669,482,Contec,akkumulyatory/promyshlennye/dlya-meditsinskoy-tekhniki/contec,https://microchips.by/catalog/akkumulyatory/promyshlennye/dlya-meditsinskoy-tekhniki/contec/,
825,482,Cortex,akkumulyatory/promyshlennye/dlya-meditsinskoy-tekhniki/cortex,https://microchips.by/catalog/akkumulyatory/promyshlennye/dlya-meditsinskoy-tekhniki/cortex/,
670,482,Cosmed,akkumulyatory/promyshlennye/dlya-meditsinskoy-tekhniki/cosmed,https://microchips.by/catalog/akkumulyatory/promyshlennye/dlya-meditsinskoy-tekhniki/cosmed/,
671,482,Covidien,akkumulyatory/promyshlennye/dlya-meditsinskoy-tekhniki/covidien,https://microchips.by/catalog/akkumulyatory/promyshlennye/dlya-meditsinskoy-tekhniki/covidien/,
672,482,Creative,akkumulyatory/promyshlennye/dlya-meditsinskoy-tekhniki/creative,https://microchips.by/catalog/akkumulyatory/promyshlennye/dlya-meditsinskoy-tekhniki/creative/,
673,482,CU Medical,akkumulyatory/promyshlennye/dlya-meditsinskoy-tekhniki/cu-medical,https://microchips.by/catalog/akkumulyatory/promyshlennye/dlya-meditsinskoy-tekhniki/cu-medical/,
674,482,Datascope,akkumulyatory/promyshlennye/dlya-meditsinskoy-tekhniki/datascope,https://microchips.by/catalog/akkumulyatory/promyshlennye/dlya-meditsinskoy-tekhniki/datascope/,
675,482,Datex,akkumulyatory/promyshlennye/dlya-meditsinskoy-tekhniki/datex,https://microchips.by/catalog/akkumulyatory/promyshlennye/dlya-meditsinskoy-tekhniki/datex/,
677,482,Dentsply,akkumulyatory/promyshlennye/dlya-meditsinskoy-tekhniki/dentsply,https://microchips.by/catalog/akkumulyatory/promyshlennye/dlya-meditsinskoy-tekhniki/dentsply/,
678,482,Diversified,akkumulyatory/promyshlennye/dlya-meditsinskoy-tekhniki/diversified,https://microchips.by/catalog/akkumulyatory/promyshlennye/dlya-meditsinskoy-tekhniki/diversified/,
679,482,Dixion,akkumulyatory/promyshlennye/dlya-meditsinskoy-tekhniki/dixion,https://microchips.by/catalog/akkumulyatory/promyshlennye/dlya-meditsinskoy-tekhniki/dixion/,
680,482,Dongjiang,akkumulyatory/promyshlennye/dlya-meditsinskoy-tekhniki/dongjiang,https://microchips.by/catalog/akkumulyatory/promyshlennye/dlya-meditsinskoy-tekhniki/dongjiang/,
682,482,Drager,akkumulyatory/promyshlennye/dlya-meditsinskoy-tekhniki/drager,https://microchips.by/catalog/akkumulyatory/promyshlennye/dlya-meditsinskoy-tekhniki/drager/,
683,482,EDAN,akkumulyatory/promyshlennye/dlya-meditsinskoy-tekhniki/edan,https://microchips.by/catalog/akkumulyatory/promyshlennye/dlya-meditsinskoy-tekhniki/edan/,
684,482,Eppendorf,akkumulyatory/promyshlennye/dlya-meditsinskoy-tekhniki/eppendorf,https://microchips.by/catalog/akkumulyatory/promyshlennye/dlya-meditsinskoy-tekhniki/eppendorf/,
685,482,Eschenbach,akkumulyatory/promyshlennye/dlya-meditsinskoy-tekhniki/eschenbach,https://microchips.by/catalog/akkumulyatory/promyshlennye/dlya-meditsinskoy-tekhniki/eschenbach/,
686,482,Finnpipette,akkumulyatory/promyshlennye/dlya-meditsinskoy-tekhniki/finnpipette,https://microchips.by/catalog/akkumulyatory/promyshlennye/dlya-meditsinskoy-tekhniki/finnpipette/,
687,482,Flight Medical,akkumulyatory/promyshlennye/dlya-meditsinskoy-tekhniki/flight-medical,https://microchips.by/catalog/akkumulyatory/promyshlennye/dlya-meditsinskoy-tekhniki/flight-medical/,
688,482,Fluke,akkumulyatory/promyshlennye/dlya-meditsinskoy-tekhniki/fluke,https://microchips.by/catalog/akkumulyatory/promyshlennye/dlya-meditsinskoy-tekhniki/fluke/,
689,482,Fresenius,akkumulyatory/promyshlennye/dlya-meditsinskoy-tekhniki/fresenius,https://microchips.by/catalog/akkumulyatory/promyshlennye/dlya-meditsinskoy-tekhniki/fresenius/,
690,482,Fukuda,akkumulyatory/promyshlennye/dlya-meditsinskoy-tekhniki/fukuda,https://microchips.by/catalog/akkumulyatory/promyshlennye/dlya-meditsinskoy-tekhniki/fukuda/,
691,482,GE,akkumulyatory/promyshlennye/dlya-meditsinskoy-tekhniki/ge,https://microchips.by/catalog/akkumulyatory/promyshlennye/dlya-meditsinskoy-tekhniki/ge/,
692,482,General Meditech,akkumulyatory/promyshlennye/dlya-meditsinskoy-tekhniki/general-meditech,https://microchips.by/catalog/akkumulyatory/promyshlennye/dlya-meditsinskoy-tekhniki/general-meditech/,
693,482,Grason,akkumulyatory/promyshlennye/dlya-meditsinskoy-tekhniki/grason,https://microchips.by/catalog/akkumulyatory/promyshlennye/dlya-meditsinskoy-tekhniki/grason/,
694,482,Hamilton,akkumulyatory/promyshlennye/dlya-meditsinskoy-tekhniki/hamilton,https://microchips.by/catalog/akkumulyatory/promyshlennye/dlya-meditsinskoy-tekhniki/hamilton/,
695,482,Heine,akkumulyatory/promyshlennye/dlya-meditsinskoy-tekhniki/heine,https://microchips.by/catalog/akkumulyatory/promyshlennye/dlya-meditsinskoy-tekhniki/heine/,
696,482,Hellige,akkumulyatory/promyshlennye/dlya-meditsinskoy-tekhniki/hellige,https://microchips.by/catalog/akkumulyatory/promyshlennye/dlya-meditsinskoy-tekhniki/hellige/,
697,482,HillRom,akkumulyatory/promyshlennye/dlya-meditsinskoy-tekhniki/hillrom,https://microchips.by/catalog/akkumulyatory/promyshlennye/dlya-meditsinskoy-tekhniki/hillrom/,
698,482,Hitachi,akkumulyatory/promyshlennye/dlya-meditsinskoy-tekhniki/hitachi,https://microchips.by/catalog/akkumulyatory/promyshlennye/dlya-meditsinskoy-tekhniki/hitachi/,
699,482,Honda,akkumulyatory/promyshlennye/dlya-meditsinskoy-tekhniki/honda,https://microchips.by/catalog/akkumulyatory/promyshlennye/dlya-meditsinskoy-tekhniki/honda/,
700,482,Horron,akkumulyatory/promyshlennye/dlya-meditsinskoy-tekhniki/horron,https://microchips.by/catalog/akkumulyatory/promyshlennye/dlya-meditsinskoy-tekhniki/horron/,
701,482,HP,akkumulyatory/promyshlennye/dlya-meditsinskoy-tekhniki/hp,https://microchips.by/catalog/akkumulyatory/promyshlennye/dlya-meditsinskoy-tekhniki/hp/,
702,482,Huaxi,akkumulyatory/promyshlennye/dlya-meditsinskoy-tekhniki/huaxi,https://microchips.by/catalog/akkumulyatory/promyshlennye/dlya-meditsinskoy-tekhniki/huaxi/,
703,482,Hughes,akkumulyatory/promyshlennye/dlya-meditsinskoy-tekhniki/hughes,https://microchips.by/catalog/akkumulyatory/promyshlennye/dlya-meditsinskoy-tekhniki/hughes/,
704,482,Huntleigh,akkumulyatory/promyshlennye/dlya-meditsinskoy-tekhniki/huntleigh,https://microchips.by/catalog/akkumulyatory/promyshlennye/dlya-meditsinskoy-tekhniki/huntleigh/,
705,482,iHealth,akkumulyatory/promyshlennye/dlya-meditsinskoy-tekhniki/ihealth,https://microchips.by/catalog/akkumulyatory/promyshlennye/dlya-meditsinskoy-tekhniki/ihealth/,
706,482,Innomed,akkumulyatory/promyshlennye/dlya-meditsinskoy-tekhniki/innomed,https://microchips.by/catalog/akkumulyatory/promyshlennye/dlya-meditsinskoy-tekhniki/innomed/,
707,482,Invivo,akkumulyatory/promyshlennye/dlya-meditsinskoy-tekhniki/invivo,https://microchips.by/catalog/akkumulyatory/promyshlennye/dlya-meditsinskoy-tekhniki/invivo/,
708,482,Iris,akkumulyatory/promyshlennye/dlya-meditsinskoy-tekhniki/iris,https://microchips.by/catalog/akkumulyatory/promyshlennye/dlya-meditsinskoy-tekhniki/iris/,
709,482,JMS,akkumulyatory/promyshlennye/dlya-meditsinskoy-tekhniki/jms,https://microchips.by/catalog/akkumulyatory/promyshlennye/dlya-meditsinskoy-tekhniki/jms/,
710,482,Jumper,akkumulyatory/promyshlennye/dlya-meditsinskoy-tekhniki/jumper,https://microchips.by/catalog/akkumulyatory/promyshlennye/dlya-meditsinskoy-tekhniki/jumper/,
711,482,Karl Storz,akkumulyatory/promyshlennye/dlya-meditsinskoy-tekhniki/karl-storz,https://microchips.by/catalog/akkumulyatory/promyshlennye/dlya-meditsinskoy-tekhniki/karl-storz/,
712,482,Kenz Cardico,akkumulyatory/promyshlennye/dlya-meditsinskoy-tekhniki/kenz-cardico,https://microchips.by/catalog/akkumulyatory/promyshlennye/dlya-meditsinskoy-tekhniki/kenz-cardico/,
713,482,LikoGuard,akkumulyatory/promyshlennye/dlya-meditsinskoy-tekhniki/likoguard,https://microchips.by/catalog/akkumulyatory/promyshlennye/dlya-meditsinskoy-tekhniki/likoguard/,
714,482,Maquet,akkumulyatory/promyshlennye/dlya-meditsinskoy-tekhniki/maquet,https://microchips.by/catalog/akkumulyatory/promyshlennye/dlya-meditsinskoy-tekhniki/maquet/,
715,482,Marco,akkumulyatory/promyshlennye/dlya-meditsinskoy-tekhniki/marco,https://microchips.by/catalog/akkumulyatory/promyshlennye/dlya-meditsinskoy-tekhniki/marco/,
827,482,Marquette,akkumulyatory/promyshlennye/dlya-meditsinskoy-tekhniki/marquette,https://microchips.by/catalog/akkumulyatory/promyshlennye/dlya-meditsinskoy-tekhniki/marquette/,
716,482,Masimo,akkumulyatory/promyshlennye/dlya-meditsinskoy-tekhniki/masimo,https://microchips.by/catalog/akkumulyatory/promyshlennye/dlya-meditsinskoy-tekhniki/masimo/,
829,482,MCM,akkumulyatory/promyshlennye/dlya-meditsinskoy-tekhniki/mcm,https://microchips.by/catalog/akkumulyatory/promyshlennye/dlya-meditsinskoy-tekhniki/mcm/,
717,482,Medcaptain,akkumulyatory/promyshlennye/dlya-meditsinskoy-tekhniki/medcaptain,https://microchips.by/catalog/akkumulyatory/promyshlennye/dlya-meditsinskoy-tekhniki/medcaptain/,
718,482,Medela,akkumulyatory/promyshlennye/dlya-meditsinskoy-tekhniki/medela,https://microchips.by/catalog/akkumulyatory/promyshlennye/dlya-meditsinskoy-tekhniki/medela/,
719,482,Mediaid,akkumulyatory/promyshlennye/dlya-meditsinskoy-tekhniki/mediaid,https://microchips.by/catalog/akkumulyatory/promyshlennye/dlya-meditsinskoy-tekhniki/mediaid/,
720,482,Medical Econet,akkumulyatory/promyshlennye/dlya-meditsinskoy-tekhniki/medical-econet,https://microchips.by/catalog/akkumulyatory/promyshlennye/dlya-meditsinskoy-tekhniki/medical-econet/,
721,482,Medsonic,akkumulyatory/promyshlennye/dlya-meditsinskoy-tekhniki/medsonic,https://microchips.by/catalog/akkumulyatory/promyshlennye/dlya-meditsinskoy-tekhniki/medsonic/,
826,482,Medtronic,akkumulyatory/promyshlennye/dlya-meditsinskoy-tekhniki/medtronic,https://microchips.by/catalog/akkumulyatory/promyshlennye/dlya-meditsinskoy-tekhniki/medtronic/,
722,482,Mekics,akkumulyatory/promyshlennye/dlya-meditsinskoy-tekhniki/mekics,https://microchips.by/catalog/akkumulyatory/promyshlennye/dlya-meditsinskoy-tekhniki/mekics/,
723,482,Metrax,akkumulyatory/promyshlennye/dlya-meditsinskoy-tekhniki/metrax,https://microchips.by/catalog/akkumulyatory/promyshlennye/dlya-meditsinskoy-tekhniki/metrax/,
724,482,Microtac,akkumulyatory/promyshlennye/dlya-meditsinskoy-tekhniki/microtac,https://microchips.by/catalog/akkumulyatory/promyshlennye/dlya-meditsinskoy-tekhniki/microtac/,
725,482,Million,akkumulyatory/promyshlennye/dlya-meditsinskoy-tekhniki/million,https://microchips.by/catalog/akkumulyatory/promyshlennye/dlya-meditsinskoy-tekhniki/million/,
726,482,Mindray,akkumulyatory/promyshlennye/dlya-meditsinskoy-tekhniki/mindray,https://microchips.by/catalog/akkumulyatory/promyshlennye/dlya-meditsinskoy-tekhniki/mindray/,
727,482,Natus,akkumulyatory/promyshlennye/dlya-meditsinskoy-tekhniki/natus,https://microchips.by/catalog/akkumulyatory/promyshlennye/dlya-meditsinskoy-tekhniki/natus/,
728,482,Nellcor Puritan Bennett,akkumulyatory/promyshlennye/dlya-meditsinskoy-tekhniki/nellcor-puritan-bennett,https://microchips.by/catalog/akkumulyatory/promyshlennye/dlya-meditsinskoy-tekhniki/nellcor-puritan-bennett/,
729,482,Neusoft,akkumulyatory/promyshlennye/dlya-meditsinskoy-tekhniki/neusoft,https://microchips.by/catalog/akkumulyatory/promyshlennye/dlya-meditsinskoy-tekhniki/neusoft/,
730,482,Newport,akkumulyatory/promyshlennye/dlya-meditsinskoy-tekhniki/newport,https://microchips.by/catalog/akkumulyatory/promyshlennye/dlya-meditsinskoy-tekhniki/newport/,
731,482,Nihon Kohden,akkumulyatory/promyshlennye/dlya-meditsinskoy-tekhniki/nihon-kohden,https://microchips.by/catalog/akkumulyatory/promyshlennye/dlya-meditsinskoy-tekhniki/nihon-kohden/,
732,482,Nikkiso,akkumulyatory/promyshlennye/dlya-meditsinskoy-tekhniki/nikkiso,https://microchips.by/catalog/akkumulyatory/promyshlennye/dlya-meditsinskoy-tekhniki/nikkiso/,
733,482,Nonin,akkumulyatory/promyshlennye/dlya-meditsinskoy-tekhniki/nonin,https://microchips.by/catalog/akkumulyatory/promyshlennye/dlya-meditsinskoy-tekhniki/nonin/,
734,482,Nova,akkumulyatory/promyshlennye/dlya-meditsinskoy-tekhniki/nova,https://microchips.by/catalog/akkumulyatory/promyshlennye/dlya-meditsinskoy-tekhniki/nova/,
735,482,Ohmeda,akkumulyatory/promyshlennye/dlya-meditsinskoy-tekhniki/ohmeda,https://microchips.by/catalog/akkumulyatory/promyshlennye/dlya-meditsinskoy-tekhniki/ohmeda/,
736,482,Omron,akkumulyatory/promyshlennye/dlya-meditsinskoy-tekhniki/omron,https://microchips.by/catalog/akkumulyatory/promyshlennye/dlya-meditsinskoy-tekhniki/omron/,
737,482,Optomed,akkumulyatory/promyshlennye/dlya-meditsinskoy-tekhniki/optomed,https://microchips.by/catalog/akkumulyatory/promyshlennye/dlya-meditsinskoy-tekhniki/optomed/,
738,482,OSEN,akkumulyatory/promyshlennye/dlya-meditsinskoy-tekhniki/osen,https://microchips.by/catalog/akkumulyatory/promyshlennye/dlya-meditsinskoy-tekhniki/osen/,
739,482,Otometrics,akkumulyatory/promyshlennye/dlya-meditsinskoy-tekhniki/otometrics,https://microchips.by/catalog/akkumulyatory/promyshlennye/dlya-meditsinskoy-tekhniki/otometrics/,
740,482,Palco Laboratories,akkumulyatory/promyshlennye/dlya-meditsinskoy-tekhniki/palco-laboratories,https://microchips.by/catalog/akkumulyatory/promyshlennye/dlya-meditsinskoy-tekhniki/palco-laboratories/,
741,482,Philips,akkumulyatory/promyshlennye/dlya-meditsinskoy-tekhniki/philips,https://microchips.by/catalog/akkumulyatory/promyshlennye/dlya-meditsinskoy-tekhniki/philips/,
742,482,Physio-Control,akkumulyatory/promyshlennye/dlya-meditsinskoy-tekhniki/physio-control,https://microchips.by/catalog/akkumulyatory/promyshlennye/dlya-meditsinskoy-tekhniki/physio-control/,
743,482,Physiomed,akkumulyatory/promyshlennye/dlya-meditsinskoy-tekhniki/physiomed,https://microchips.by/catalog/akkumulyatory/promyshlennye/dlya-meditsinskoy-tekhniki/physiomed/,
744,482,Pixium,akkumulyatory/promyshlennye/dlya-meditsinskoy-tekhniki/pixium,https://microchips.by/catalog/akkumulyatory/promyshlennye/dlya-meditsinskoy-tekhniki/pixium/,
745,482,Puritan,akkumulyatory/promyshlennye/dlya-meditsinskoy-tekhniki/puritan,https://microchips.by/catalog/akkumulyatory/promyshlennye/dlya-meditsinskoy-tekhniki/puritan/,
746,482,Q Core,akkumulyatory/promyshlennye/dlya-meditsinskoy-tekhniki/q-core,https://microchips.by/catalog/akkumulyatory/promyshlennye/dlya-meditsinskoy-tekhniki/q-core/,
747,482,Rainin,akkumulyatory/promyshlennye/dlya-meditsinskoy-tekhniki/rainin,https://microchips.by/catalog/akkumulyatory/promyshlennye/dlya-meditsinskoy-tekhniki/rainin/,
748,482,Reichert,akkumulyatory/promyshlennye/dlya-meditsinskoy-tekhniki/reichert,https://microchips.by/catalog/akkumulyatory/promyshlennye/dlya-meditsinskoy-tekhniki/reichert/,
749,482,ResMed,akkumulyatory/promyshlennye/dlya-meditsinskoy-tekhniki/resmed,https://microchips.by/catalog/akkumulyatory/promyshlennye/dlya-meditsinskoy-tekhniki/resmed/,
750,482,Respironics,akkumulyatory/promyshlennye/dlya-meditsinskoy-tekhniki/respironics,https://microchips.by/catalog/akkumulyatory/promyshlennye/dlya-meditsinskoy-tekhniki/respironics/,
751,482,Righton,akkumulyatory/promyshlennye/dlya-meditsinskoy-tekhniki/righton,https://microchips.by/catalog/akkumulyatory/promyshlennye/dlya-meditsinskoy-tekhniki/righton/,
772,482,SaverOne,akkumulyatory/promyshlennye/dlya-meditsinskoy-tekhniki/saverone,https://microchips.by/catalog/akkumulyatory/promyshlennye/dlya-meditsinskoy-tekhniki/saverone/,
773,482,Schiller,akkumulyatory/promyshlennye/dlya-meditsinskoy-tekhniki/schiller,https://microchips.by/catalog/akkumulyatory/promyshlennye/dlya-meditsinskoy-tekhniki/schiller/,
753,482,Shenke,akkumulyatory/promyshlennye/dlya-meditsinskoy-tekhniki/shenke,https://microchips.by/catalog/akkumulyatory/promyshlennye/dlya-meditsinskoy-tekhniki/shenke/,
754,482,Siemens,akkumulyatory/promyshlennye/dlya-meditsinskoy-tekhniki/siemens,https://microchips.by/catalog/akkumulyatory/promyshlennye/dlya-meditsinskoy-tekhniki/siemens/,
755,482,Smiths,akkumulyatory/promyshlennye/dlya-meditsinskoy-tekhniki/smiths,https://microchips.by/catalog/akkumulyatory/promyshlennye/dlya-meditsinskoy-tekhniki/smiths/,
756,482,Soehnle,akkumulyatory/promyshlennye/dlya-meditsinskoy-tekhniki/soehnle,https://microchips.by/catalog/akkumulyatory/promyshlennye/dlya-meditsinskoy-tekhniki/soehnle/,
757,482,Solaris,akkumulyatory/promyshlennye/dlya-meditsinskoy-tekhniki/solaris,https://microchips.by/catalog/akkumulyatory/promyshlennye/dlya-meditsinskoy-tekhniki/solaris/,
758,482,SonoSite,akkumulyatory/promyshlennye/dlya-meditsinskoy-tekhniki/sonosite,https://microchips.by/catalog/akkumulyatory/promyshlennye/dlya-meditsinskoy-tekhniki/sonosite/,
759,482,SpectraScan,akkumulyatory/promyshlennye/dlya-meditsinskoy-tekhniki/spectrascan,https://microchips.by/catalog/akkumulyatory/promyshlennye/dlya-meditsinskoy-tekhniki/spectrascan/,
760,482,Spring,akkumulyatory/promyshlennye/dlya-meditsinskoy-tekhniki/spring,https://microchips.by/catalog/akkumulyatory/promyshlennye/dlya-meditsinskoy-tekhniki/spring/,
761,482,Terumo,akkumulyatory/promyshlennye/dlya-meditsinskoy-tekhniki/terumo,https://microchips.by/catalog/akkumulyatory/promyshlennye/dlya-meditsinskoy-tekhniki/terumo/,
762,482,Theradome,akkumulyatory/promyshlennye/dlya-meditsinskoy-tekhniki/theradome,https://microchips.by/catalog/akkumulyatory/promyshlennye/dlya-meditsinskoy-tekhniki/theradome/,
763,482,Thermo Scientific,akkumulyatory/promyshlennye/dlya-meditsinskoy-tekhniki/thermo-scientific,https://microchips.by/catalog/akkumulyatory/promyshlennye/dlya-meditsinskoy-tekhniki/thermo-scientific/,
681,482,Toitu,akkumulyatory/promyshlennye/dlya-meditsinskoy-tekhniki/toitu,https://microchips.by/catalog/akkumulyatory/promyshlennye/dlya-meditsinskoy-tekhniki/toitu/,
764,482,Trismed,akkumulyatory/promyshlennye/dlya-meditsinskoy-tekhniki/trismed,https://microchips.by/catalog/akkumulyatory/promyshlennye/dlya-meditsinskoy-tekhniki/trismed/,
765,482,Verathon,akkumulyatory/promyshlennye/dlya-meditsinskoy-tekhniki/verathon,https://microchips.by/catalog/akkumulyatory/promyshlennye/dlya-meditsinskoy-tekhniki/verathon/,
766,482,Vocera,akkumulyatory/promyshlennye/dlya-meditsinskoy-tekhniki/vocera,https://microchips.by/catalog/akkumulyatory/promyshlennye/dlya-meditsinskoy-tekhniki/vocera/,
767,482,Weinmann,akkumulyatory/promyshlennye/dlya-meditsinskoy-tekhniki/weinmann,https://microchips.by/catalog/akkumulyatory/promyshlennye/dlya-meditsinskoy-tekhniki/weinmann/,
768,482,Welch-Allyn,akkumulyatory/promyshlennye/dlya-meditsinskoy-tekhniki/welch-allyn,https://microchips.by/catalog/akkumulyatory/promyshlennye/dlya-meditsinskoy-tekhniki/welch-allyn/,
769,482,Zimmer,akkumulyatory/promyshlennye/dlya-meditsinskoy-tekhniki/zimmer,https://microchips.by/catalog/akkumulyatory/promyshlennye/dlya-meditsinskoy-tekhniki/zimmer/,
770,482,ZOLL,akkumulyatory/promyshlennye/dlya-meditsinskoy-tekhniki/zoll,https://microchips.by/catalog/akkumulyatory/promyshlennye/dlya-meditsinskoy-tekhniki/zoll/,
771,482,Zondan,akkumulyatory/promyshlennye/dlya-meditsinskoy-tekhniki/zondan,https://microchips.by/catalog/akkumulyatory/promyshlennye/dlya-meditsinskoy-tekhniki/zondan/,
488,427,Для пультов управления,akkumulyatory/promyshlennye/dlya-pultov-upravleniya,https://microchips.by/catalog/akkumulyatory/promyshlennye/dlya-pultov-upravleniya/,
835,427,Для сигнализаций,akkumulyatory/promyshlennye/dlya-signalizatsiy,https://microchips.by/catalog/akkumulyatory/promyshlennye/dlya-signalizatsiy/,
484,427,Для сканеров штрих-кодов и терминалов,akkumulyatory/promyshlennye/dlya-skanerov-shtrikh-kodov-i-terminalov,https://microchips.by/catalog/akkumulyatory/promyshlennye/dlya-skanerov-shtrikh-kodov-i-terminalov/,
774,484,Ascom,akkumulyatory/promyshlennye/dlya-skanerov-shtrikh-kodov-i-terminalov/ascom,https://microchips.by/catalog/akkumulyatory/promyshlennye/dlya-skanerov-shtrikh-kodov-i-terminalov/ascom/,
775,484,Bearcat,akkumulyatory/promyshlennye/dlya-skanerov-shtrikh-kodov-i-terminalov/bearcat,https://microchips.by/catalog/akkumulyatory/promyshlennye/dlya-skanerov-shtrikh-kodov-i-terminalov/bearcat/,
776,484,Bitel,akkumulyatory/promyshlennye/dlya-skanerov-shtrikh-kodov-i-terminalov/bitel,https://microchips.by/catalog/akkumulyatory/promyshlennye/dlya-skanerov-shtrikh-kodov-i-terminalov/bitel/,
777,484,Bluebird,akkumulyatory/promyshlennye/dlya-skanerov-shtrikh-kodov-i-terminalov/bluebird,https://microchips.by/catalog/akkumulyatory/promyshlennye/dlya-skanerov-shtrikh-kodov-i-terminalov/bluebird/,
778,484,Casio,akkumulyatory/promyshlennye/dlya-skanerov-shtrikh-kodov-i-terminalov/casio,https://microchips.by/catalog/akkumulyatory/promyshlennye/dlya-skanerov-shtrikh-kodov-i-terminalov/casio/,
779,484,Castles,akkumulyatory/promyshlennye/dlya-skanerov-shtrikh-kodov-i-terminalov/castles,https://microchips.by/catalog/akkumulyatory/promyshlennye/dlya-skanerov-shtrikh-kodov-i-terminalov/castles/,
780,484,Cino,akkumulyatory/promyshlennye/dlya-skanerov-shtrikh-kodov-i-terminalov/cino,https://microchips.by/catalog/akkumulyatory/promyshlennye/dlya-skanerov-shtrikh-kodov-i-terminalov/cino/,
781,484,CipherLab,akkumulyatory/promyshlennye/dlya-skanerov-shtrikh-kodov-i-terminalov/cipherlab,https://microchips.by/catalog/akkumulyatory/promyshlennye/dlya-skanerov-shtrikh-kodov-i-terminalov/cipherlab/,
782,484,Datalogic,akkumulyatory/promyshlennye/dlya-skanerov-shtrikh-kodov-i-terminalov/datalogic,https://microchips.by/catalog/akkumulyatory/promyshlennye/dlya-skanerov-shtrikh-kodov-i-terminalov/datalogic/,
783,484,Dejavoo,akkumulyatory/promyshlennye/dlya-skanerov-shtrikh-kodov-i-terminalov/dejavoo,https://microchips.by/catalog/akkumulyatory/promyshlennye/dlya-skanerov-shtrikh-kodov-i-terminalov/dejavoo/,
784,484,Denso,akkumulyatory/promyshlennye/dlya-skanerov-shtrikh-kodov-i-terminalov/denso,https://microchips.by/catalog/akkumulyatory/promyshlennye/dlya-skanerov-shtrikh-kodov-i-terminalov/denso/,
785,484,Falcon,akkumulyatory/promyshlennye/dlya-skanerov-shtrikh-kodov-i-terminalov/falcon,https://microchips.by/catalog/akkumulyatory/promyshlennye/dlya-skanerov-shtrikh-kodov-i-terminalov/falcon/,
786,484,FirstData,akkumulyatory/promyshlennye/dlya-skanerov-shtrikh-kodov-i-terminalov/firstdata,https://microchips.by/catalog/akkumulyatory/promyshlennye/dlya-skanerov-shtrikh-kodov-i-terminalov/firstdata/,
787,484,Getac,akkumulyatory/promyshlennye/dlya-skanerov-shtrikh-kodov-i-terminalov/getac,https://microchips.by/catalog/akkumulyatory/promyshlennye/dlya-skanerov-shtrikh-kodov-i-terminalov/getac/,
788,484,Handheld,akkumulyatory/promyshlennye/dlya-skanerov-shtrikh-kodov-i-terminalov/handheld,https://microchips.by/catalog/akkumulyatory/promyshlennye/dlya-skanerov-shtrikh-kodov-i-terminalov/handheld/,
789,484,Honeywell,akkumulyatory/promyshlennye/dlya-skanerov-shtrikh-kodov-i-terminalov/honeywell,https://microchips.by/catalog/akkumulyatory/promyshlennye/dlya-skanerov-shtrikh-kodov-i-terminalov/honeywell/,
790,484,Hypercom,akkumulyatory/promyshlennye/dlya-skanerov-shtrikh-kodov-i-terminalov/hypercom,https://microchips.by/catalog/akkumulyatory/promyshlennye/dlya-skanerov-shtrikh-kodov-i-terminalov/hypercom/,
791,484,ICOM,akkumulyatory/promyshlennye/dlya-skanerov-shtrikh-kodov-i-terminalov/icom,https://microchips.by/catalog/akkumulyatory/promyshlennye/dlya-skanerov-shtrikh-kodov-i-terminalov/icom/,
792,484,Ingenico,akkumulyatory/promyshlennye/dlya-skanerov-shtrikh-kodov-i-terminalov/ingenico,https://microchips.by/catalog/akkumulyatory/promyshlennye/dlya-skanerov-shtrikh-kodov-i-terminalov/ingenico/,
793,484,Intermec,akkumulyatory/promyshlennye/dlya-skanerov-shtrikh-kodov-i-terminalov/intermec,https://microchips.by/catalog/akkumulyatory/promyshlennye/dlya-skanerov-shtrikh-kodov-i-terminalov/intermec/,
794,484,Keyence,akkumulyatory/promyshlennye/dlya-skanerov-shtrikh-kodov-i-terminalov/keyence,https://microchips.by/catalog/akkumulyatory/promyshlennye/dlya-skanerov-shtrikh-kodov-i-terminalov/keyence/,
795,484,Koamtac,akkumulyatory/promyshlennye/dlya-skanerov-shtrikh-kodov-i-terminalov/koamtac,https://microchips.by/catalog/akkumulyatory/promyshlennye/dlya-skanerov-shtrikh-kodov-i-terminalov/koamtac/,
796,484,Leica,akkumulyatory/promyshlennye/dlya-skanerov-shtrikh-kodov-i-terminalov/leica,https://microchips.by/catalog/akkumulyatory/promyshlennye/dlya-skanerov-shtrikh-kodov-i-terminalov/leica/,
797,484,LXE,akkumulyatory/promyshlennye/dlya-skanerov-shtrikh-kodov-i-terminalov/lxe,https://microchips.by/catalog/akkumulyatory/promyshlennye/dlya-skanerov-shtrikh-kodov-i-terminalov/lxe/,
798,484,M3 Mobile,akkumulyatory/promyshlennye/dlya-skanerov-shtrikh-kodov-i-terminalov/m3-mobile,https://microchips.by/catalog/akkumulyatory/promyshlennye/dlya-skanerov-shtrikh-kodov-i-terminalov/m3-mobile/,
799,484,Metrologic,akkumulyatory/promyshlennye/dlya-skanerov-shtrikh-kodov-i-terminalov/metrologic,https://microchips.by/catalog/akkumulyatory/promyshlennye/dlya-skanerov-shtrikh-kodov-i-terminalov/metrologic/,
800,484,Motorola,akkumulyatory/promyshlennye/dlya-skanerov-shtrikh-kodov-i-terminalov/motorola,https://microchips.by/catalog/akkumulyatory/promyshlennye/dlya-skanerov-shtrikh-kodov-i-terminalov/motorola/,
801,484,NCR,akkumulyatory/promyshlennye/dlya-skanerov-shtrikh-kodov-i-terminalov/ncr,https://microchips.by/catalog/akkumulyatory/promyshlennye/dlya-skanerov-shtrikh-kodov-i-terminalov/ncr/,
802,484,Newland,akkumulyatory/promyshlennye/dlya-skanerov-shtrikh-kodov-i-terminalov/newland,https://microchips.by/catalog/akkumulyatory/promyshlennye/dlya-skanerov-shtrikh-kodov-i-terminalov/newland/,
803,484,Newpos,akkumulyatory/promyshlennye/dlya-skanerov-shtrikh-kodov-i-terminalov/newpos,https://microchips.by/catalog/akkumulyatory/promyshlennye/dlya-skanerov-shtrikh-kodov-i-terminalov/newpos/,
804,484,Opticon,akkumulyatory/promyshlennye/dlya-skanerov-shtrikh-kodov-i-terminalov/opticon,https://microchips.by/catalog/akkumulyatory/promyshlennye/dlya-skanerov-shtrikh-kodov-i-terminalov/opticon/,
805,484,Panasonic,akkumulyatory/promyshlennye/dlya-skanerov-shtrikh-kodov-i-terminalov/panasonic,https://microchips.by/catalog/akkumulyatory/promyshlennye/dlya-skanerov-shtrikh-kodov-i-terminalov/panasonic/,
806,484,Pax,akkumulyatory/promyshlennye/dlya-skanerov-shtrikh-kodov-i-terminalov/pax,https://microchips.by/catalog/akkumulyatory/promyshlennye/dlya-skanerov-shtrikh-kodov-i-terminalov/pax/,
807,484,Point Mobile,akkumulyatory/promyshlennye/dlya-skanerov-shtrikh-kodov-i-terminalov/point-mobile,https://microchips.by/catalog/akkumulyatory/promyshlennye/dlya-skanerov-shtrikh-kodov-i-terminalov/point-mobile/,
808,484,Proton,akkumulyatory/promyshlennye/dlya-skanerov-shtrikh-kodov-i-terminalov/proton,https://microchips.by/catalog/akkumulyatory/promyshlennye/dlya-skanerov-shtrikh-kodov-i-terminalov/proton/,
809,484,Proxibus,akkumulyatory/promyshlennye/dlya-skanerov-shtrikh-kodov-i-terminalov/proxibus,https://microchips.by/catalog/akkumulyatory/promyshlennye/dlya-skanerov-shtrikh-kodov-i-terminalov/proxibus/,
810,484,Psion,akkumulyatory/promyshlennye/dlya-skanerov-shtrikh-kodov-i-terminalov/psion,https://microchips.by/catalog/akkumulyatory/promyshlennye/dlya-skanerov-shtrikh-kodov-i-terminalov/psion/,
811,484,Radiotec,akkumulyatory/promyshlennye/dlya-skanerov-shtrikh-kodov-i-terminalov/radiotec,https://microchips.by/catalog/akkumulyatory/promyshlennye/dlya-skanerov-shtrikh-kodov-i-terminalov/radiotec/,
812,484,Sagem,akkumulyatory/promyshlennye/dlya-skanerov-shtrikh-kodov-i-terminalov/sagem,https://microchips.by/catalog/akkumulyatory/promyshlennye/dlya-skanerov-shtrikh-kodov-i-terminalov/sagem/,
813,484,Senter,akkumulyatory/promyshlennye/dlya-skanerov-shtrikh-kodov-i-terminalov/senter,https://microchips.by/catalog/akkumulyatory/promyshlennye/dlya-skanerov-shtrikh-kodov-i-terminalov/senter/,
815,484,Sunmi,akkumulyatory/promyshlennye/dlya-skanerov-shtrikh-kodov-i-terminalov/sunmi,https://microchips.by/catalog/akkumulyatory/promyshlennye/dlya-skanerov-shtrikh-kodov-i-terminalov/sunmi/,
816,484,Symbol,akkumulyatory/promyshlennye/dlya-skanerov-shtrikh-kodov-i-terminalov/symbol,https://microchips.by/catalog/akkumulyatory/promyshlennye/dlya-skanerov-shtrikh-kodov-i-terminalov/symbol/,
817,484,Teklogix,akkumulyatory/promyshlennye/dlya-skanerov-shtrikh-kodov-i-terminalov/tellogix,https://microchips.by/catalog/akkumulyatory/promyshlennye/dlya-skanerov-shtrikh-kodov-i-terminalov/tellogix/,
818,484,Unitech,akkumulyatory/promyshlennye/dlya-skanerov-shtrikh-kodov-i-terminalov/unitech,https://microchips.by/catalog/akkumulyatory/promyshlennye/dlya-skanerov-shtrikh-kodov-i-terminalov/unitech/,
819,484,Urovo,akkumulyatory/promyshlennye/dlya-skanerov-shtrikh-kodov-i-terminalov/urovo,https://microchips.by/catalog/akkumulyatory/promyshlennye/dlya-skanerov-shtrikh-kodov-i-terminalov/urovo/,
820,484,VeriFone,akkumulyatory/promyshlennye/dlya-skanerov-shtrikh-kodov-i-terminalov/verifone,https://microchips.by/catalog/akkumulyatory/promyshlennye/dlya-skanerov-shtrikh-kodov-i-terminalov/verifone/,
821,484,Vocollect,akkumulyatory/promyshlennye/dlya-skanerov-shtrikh-kodov-i-terminalov/vocollect,https://microchips.by/catalog/akkumulyatory/promyshlennye/dlya-skanerov-shtrikh-kodov-i-terminalov/vocollect/,
822,484,Zebra,akkumulyatory/promyshlennye/dlya-skanerov-shtrikh-kodov-i-terminalov/zebra,https://microchips.by/catalog/akkumulyatory/promyshlennye/dlya-skanerov-shtrikh-kodov-i-terminalov/zebra/,
908,427,Для телекоммуникаций,akkumulyatory/promyshlennye/dlya-telekommunikatsiy,https://microchips.by/catalog/akkumulyatory/promyshlennye/dlya-telekommunikatsiy/,
416,427,Железо-никелевые,akkumulyatory/promyshlennye/zhelezo-nikelevye,https://microchips.by/catalog/akkumulyatory/promyshlennye/zhelezo-nikelevye/,
425,489,Источники бесперебойного питания,istochniki-pitaniya/ibp,https://microchips.by/catalog/istochniki-pitaniya/ibp/,
1125,1091,Для ИБП,akkumulyatory/dlya_ibp9002,https://microchips.by/catalog/akkumulyatory/dlya_ibp9002/,
1123,1091,Промышленные аккумуляторы,akkumulyatory/promyshlennye7593,https://microchips.by/catalog/akkumulyatory/promyshlennye7593/,
1135,1090,Источники бесперебойного питания,istochniki-pitaniya/ibp483,https://microchips.by/catalog/istochniki-pitaniya/ibp483/,
