external_id;name;slug
КА-00005624;Аккумулятор 5LTO2717397 (198*166*170) 12V 22Ah /Китай;draft-ef37c140a8be1011
КА-00005625;Аккумулятор Cameron Sino Li-ion CS-AST610CL 3,7V 800Ah /Китай/;draft-b1ae6d0e216dcf8d
КА-00005626;Аккумулятор EVE ICR18650/26V 3,7V 2600mAh с коннектором /Китай/;draft-5f630d32796e20a5
КА-00005627;LIR 18500 1500mAh EMMB с коннектором /Китай/;draft-d410b9295e0e33c4
КА-00005628;Аккумулятор Ni-MH PMNN4412 7.2V 1400mAh / Китай;draft-6e20602a2f642755
КА-00005629;"Элемент питания ENERGIZER LR22 EN22 9V Industrial; Страна происхождения -Китай";draft-9e233b2cce236280
КА-00005630;2HHR-120AAB PANASONIC (Элемент питания),стр. ввоза Россия;draft-b4dca485501771ca
КА-00005631;Аккумулятор Lifepo4 24V 608ah /Китай/;draft-2c620c4046bbb54f
КА-00005632;Зарядное утройство 24V-300А /Китай/;draft-28cb8724d92c264d
КА-00005633;Лабораторный блок питания NICE-Power SPPS-S3010 для подключ. и тестир. устр. силой тока до 10А/Китай;draft-c3940231e4e86300
КА-00005634;Лабораторный блок питания NICE-Power SPPS-3010D для подключ. и тестир. устройств /Китай;draft-77af6e093b9d420b
КА-00005635;ER14250H/3PF FANSO БАТАРЕЯ ЛИТИЕВАЯ / Китай;draft-d479f9a21344c7fe
КА-00005636;ИБП CyberPower UT1500EIG	1500VA/900W LED/USB/RJ11/45 (6 IEC С13) 12V/7.5Ah*2/USB charger A/C;draft-c5a038945a1f7c45
КА-00005637;Кабель переходник PC-SFC14M-01 Gembird;draft-4c8ad09488db8edb
КА-00005638;Вилка электрическая угловая с заземлением 16А TOKOV ELECTRIC (TKE-C05-KVU-Z) (Турция);draft-b14c22a5f5f42fbf
КА-00005639;Аккумулятор Lifepo4 RADIAN ST25,6-230 25,6V 230ah /Китай/;draft-4c4fd35253dc0f04
КА-00005640;ER17505H/S FANSO БАТАРЕЯ ЛИТИЕВАЯ / Китай;draft-6a7c1ddf86ef4ff5
КА-00005641;Литиевая батарея Fanuc A98L-0031-0028 3V;draft-67c543f10cfaec2c
КА-00005642;Аккумулятор свинцово-кислотный B.B. Battery MPL55-12 12V 55Ah /Китай/;draft-6cc1b49f9f466436
КА-00005643;ER17505-VB FANSO БАТАРЕЯ ЛИТИЕВАЯ / Китай;draft-adcc88a573b562b4
КА-00005644;Батарейка Panasonic 2BR2/3A 6V Китай/;draft-60939b3f9efc5b9f
КА-00005645;Аккумулятор для SONY NP-F330 NP-F530 NP-F550 NP-F570 NP-F750 NP-F770;draft-a1a19b3a2bb13f60
КА-00005646;Аккумулятор литиевый SAMSUNG 10INR18650-25R 18B 5000mah для BL1850B;draft-f206ede26583b4fe
КА-00005647;Аккумулятор литиевый EVE 10INR18650-5000mah 18V для BL1850V /Китай/;draft-0d618cadc31a6228
КА-00005648;Аккумулятор литиевый SAMSUNG 10INR18650-15M 18V 3000mAh для BL1830;draft-06858c0dc4717acd
КА-00005649;Аккумулятор литиевый BSL 5INR18650-2000mah 18V для BL1021B /Китай/;draft-a6fab7e7185d74b5
КА-00005650;Аккумулятор Ni-cd SUNER 15SC 2000mah 18V для 1822 /Китай/;draft-43244324de4261b6
КА-00005651;Аккумулятор LG INR18650-HG2 3000mAh 20A Li-Ion 36V для BL3626, страна происхождения - КОРЕЯ, Сеул;draft-fe553d7737cf2400
КА-00005652;Аккумулятор 2Li-pol 664863 3,7V 7400mAh 28Wh /Китай/;draft-679b43572aec9d12
КА-00005653;наконечник JG- 6 медный луженый кабельный TDM, РОССИЯ;draft-a525f2db046e3073
КА-00005654;Наконечник медный лужёный ТМЛо 16-6 ЗЭТАРУС, РОССИЯ;draft-ee31918dea18d803
КА-00005655;Гайка DIN 934 шестиганная оцинк. М 6 (40шт.) дой-пак S, БЕЛАРУСЬ;draft-22c27a6d1745b860
КА-00005656;"Клеевой пистолет КП-100, 11,3мм, подставка, выключатель, шнур 1,5м, 100Вт, Т=220С ""Алмаз"" TDM, КИТАЙ";draft-495ef332e361752e
КА-00005657;Лабораторный блок питания NICE-Power R-SPS3010 для подключ.и тестир-я устр-в силой тока до 10А,Китай;draft-035446c8ec83a890
КА-00005658;Лабораторный блок питания NICE-Power R-SPS605 для поключения и тестирования устройств, Китай;draft-9de57786cb534a5f
КА-00005659;Аккумулятор Ni-cd SUNER 10SC 2000mah 12V для 1222 /Китай/;draft-e592cd6e12e38096
КА-00005660;Аккумулятор Ni-cd SUNER 12SC 2000mah 14V для 1422 /Китай/;draft-70f2a5bff665935b
КА-00005661;Аккумулятор литиевый BSL 20INR18650-4000mah Li-ion 36V для Bosch 36V 2Ah/Китай/;draft-b771efc812acc97a
КА-00005662;Аккумулятор литиевый BSL 10INR18650-4000mah-18V для Bosch 18V/Китай/;draft-ea6887c475812a0b
КА-00005663;Аккумулятор литиевый BSL 10INR18650-2000mah Li-ion 36V для Bosch 36V 2Ah/Китай/;draft-87e7aec51b060ecc
КА-00005664;Аккумулятор литиевый BSL 10INR18650-4000mah-18V /Китай/;draft-07d3484a10fe0fae
КА-00005665;Эл. Питания литиевый 3,6в FANSO 26500M/S Пр-во: Китай;draft-cf0f548eb143bffa
КА-00005666;DS1073-02-2x6-MCT6 (MF2x6M), Разъем, Вилка на кабель 4.2мм 12pin с контактами\Connfly/Китай/;draft-44d7f2660cc6dd7a
КА-00005667;SCT2511H-02P (EHR-2) Корпус разъема розетка на кабель 2.5мм 2pin (без контактов)\Scondar/Китай;draft-d331e80424fd04b1
КА-00005668;Подставка настол.пласт.4отд.Юниор черный ОР21 / Россия;draft-2cb519b734c50b72
КА-00005669;Лоток вертик.3отд.шир.240мм Staff сборный,черный 237945 / Беларусь;draft-8c3a82a96b403259
КА-00005670;Карандаш авт.0,5мм Brauberg Comfort с ласт.,корп.черн. 180284 / Китай;draft-4579cefdafbe9162
КА-00005671;Степлер 10л OfficeSpace ск.№10 корп.метал. 232639 / Китай;draft-abee3439d2b8bf31
КА-00005672;Нож канц. 18мм Staff, усиленный, асс. 237083 / Китай;draft-3f8ad8e2af16e7ce
КА-00005673;Регистратор 70мм одностор.п/мрамор Эко черный 1016692 / Россия;draft-c7e3622fbfdb3bcf
КА-00005674;Файл А4 30мкм Brauberg Economy гладк.,глянц.,100шт. 229659  / Китай;draft-cf107b30784a0ffd
КА-00005675;Бумага A4 80г/м2 500л SvetoCopy АБ3020 / Россия;draft-cda4fc52be5d8e70
КА-00005676;Бумага д/зам.лип.76*76мм 1*100л.Workmate желт.пастель 14-1461 / Китай;draft-5dd212491b6e4e48
КА-00005677;Краска штемп.50мл Staff Manager синяя 227530 / Россия;draft-07d5d9db5f9cab2f
КА-00005678;Мышь комп.проводн.оптич.USB Smartbuy One SBM-352 черн./красн SBM9352-RK / Китай;draft-5c38c81d8487e56a
КА-00005679;Мышь комп.беспроводн.Defender Accura MM-935 черная 52935;draft-3d2689e3651b0a6f
КА-00005680;Аккумулятор 5Ni-mh SUNER AA 6,0V 2200mAh /Китай/;draft-7fe57a2a208e1e2d
КА-00005681;Электроштабелер LPT16;draft-3e0e101e2e449a8f
КА-00005682;Аккумулятор тяговый литиевый Radian 24V 230Ah /Китай/;draft-b877ea4dd906d3b7
КА-00005683;Аккумулятор тяговый литиевый Radian 24V 306Ah /Китай/;draft-5a15f45243337919
КА-00005684;Зарядное утройство 24V 40A /Китай/;draft-c181787c264bfbaf
КА-00005685;Аккумулятор BB Battery BPS 26-12 12V/26Ah /Китай/;draft-2fe14f27122fcb8f
КА-00005686;Аккумулятор CSB HRL 12330W FR 12V/83Ah /Китай/;draft-59a80d8d2a63d1aa
КА-00005687;Аккумулятор Li-ion PMNN4412AR 7.2V 2000mAh /Китай/;draft-4553958989f5f07f
КА-00005688;Аккумулятор B.B. Battery HRL 9-12 12V/9Ah /Китай/;draft-f7bd9b288129ace6
КА-00005689;Аккумулятор BB Battery BPS 17-12 12V/17Ah /Китай/;draft-7c7385fd2b14d3bd
КА-00005690;Аккумулятор BB Battery HR 33-12 12V/ 33Ah /Китай/;draft-297ea8bf41ec4470
КА-00005691;Батарейка CR14505-VB/ Китай;draft-dd7476cc92aa0cee
КА-00005692;Аккумулятор литий-полимерный 203452P 7.4V 1800mAh 13.32Wh /Китай/;draft-72c0f0206f9d47e9
КА-00005693;Герметик силиконовый SOUDAL Profil универсальный бесцветный 270 мл (123081)/Россия;draft-ded2800d9247460c
КА-00005694;Стержень клеевой 11х270 мм REXANT прозрачные 1 кг (09-1857-1) / Китай;draft-a6fda721bf0ad55d
КА-00005695;Аккумулятор BSL 2 INR18650-6000 mAh 3,7V 19,25 Wh;draft-e13693fc28895639
КА-00005696;Аккумулятор GPL 6-4,5 (6V/4,5AH);draft-a7e4a96cf5500fb2
КА-00005697;SB AA11 TC 2PF(Tekcell) Литиевый элемент питания;draft-480d8ba1e35fc0ed
КА-00005698;Аккумулятор Lifepo4 12V 15ah (151*99*99) /Китай/;draft-4cbf5c1ddbda826d
КА-00005699;Аккумулятор Ni-MH KNB-29-ВО 7.2V 1500mAh /Китай/;draft-d872e87c469ce72b
КА-00005700;Аккумулятор Ni-MH FNB-V106-ВО 7.2V 1200mAh /Китай/;draft-71c4ac3dd34aab18
КА-00005701;Аккумулятор Ni-Cd NBP-V57-ВО 7.2V 1100mAh /Китай/;draft-33c3bc8c010780c1
КА-00005702;LS 14500 ( SAFT ) Литьевый элемент питания, Производство: Китай;draft-166528fdc7161054
КА-00005703;Цинконаполненная грунт-эмаль Elcon Zintech Alume аэрозоль 520мл;draft-1bcb014071cd3f1e
КА-00005704;Цинконаполненная грунт-эмаль Elcon Zintech 96% аэрозоль 520мл;draft-2d3b3650eafe8147
КА-00005705;Универсальный растворитель Elcon R (1 л канистра);draft-7159ca27aaec2c4d
КА-00005706;"Преобразователь ржавчины ""Elcon P"" 0,5 л триггер";draft-108f436ac15509c4
КА-00005707;Аккумулятор LiFePO4 Radian 25,6V 200Ah /Китай/;draft-8ccdddf3fad9b683
КА-00005708;Внешний батарейный блок APC SRT192BP2 (AGM, 10Ah);draft-d2e90e77308eb553
КА-00005709;Аккумулятор 32Lifepo4 ITR26/70-50E 26700 25,6V 20000 mAh с индикацией/Китай/;draft-9ba0a948454a9565
КА-00005710;Батарейка Camelion  3LR12 Plus Alkaline BL-1 (3LR12-BP1, батарейка,4.5В) 6/144;draft-5ea3a43dd5c6fbff
КА-00005711;Аккумулятор Ni-cd SUNER SC 2000mah 10С с выводами /Китай/;draft-883cbe242fa510ae
КА-00005712;SE-450-12, Источник питания в кожухе\MEAN WELL /Китай/;draft-382f429f6c366e8f
КА-00005713;Аккумуляторная батарея SF 12012 Security Force /Китай;draft-1055f8f2b12b56b0
КА-00005714;Элемент питания Samsung INR18650-30Q 3000mAh -15A с выводами.Страна присхождения- Республика Карея.;draft-843995308619bc63
КА-00005715;Аккумуляторная батарея DT 612 Delta,UZ69G41 /Вьетнам/;draft-90a7f7e73ecfca27
КА-00005716;DJ431-3А-В, Клеммы/Китай;draft-bddbfae4a566fbdf
КА-00005717;Аккумулятор Li-Pol 4S 15.4V 5000mAh /Китай/;draft-f4c65d5bf3ba703a
КА-00005718;Аккумулятор Li-Pol BT2.0 450mAh 1S 30C (4 шт) /Китай/;draft-a5640bd47ec95ee2
КА-00005719;Аккумулятор Li-ion 6S 22.2V 8000mAh /Китай/;draft-3e3ac915a81b9338
КА-00005720;Аккумулятор Li-Pol 11.55V 2375mAh /Китай/;draft-efaee42c74d16c07
КА-00005721;Аккумулятор Li-Pol 3.8V 1100mAh /Китай/;draft-14a0f602ce0cbb0b
КА-00005722;Пропеллер 2020 4-лопастный /Китай/;draft-3d3ee6335dd247fc
КА-00005723;Пропеллер IFlight HQPROP 10X4.5X3 /Китай/;draft-e8cfb6a62bc4ea02
КА-00005724;Пропеллер 5332S /Китай/;draft-25add8313c6484c6
КА-00005725;Пропеллер 3044P /Китай/;draft-288395c391cf22e0
КА-00005726;Бесколлекторный мотор BETAFPV 1103 11000KV-2S /Китай/;draft-488bf9435c2f406c
КА-00005727;Бесколлекторный мотор XING-E 3110 900KV /Китай/;draft-dde5d6d7545600b7
КА-00005728;Бесколлекторный мотор PITCH /Китай/;draft-ba9965933d801140
КА-00005729;Бесколлекторный мотор DC Motor Power (CW/CCW) /Китай/;draft-667bed4b4536cbd2
КА-00005730;Бесколлекторный мотор 8520 (CW/CCW) /Китай/;draft-13e34b61c33b50e0
КА-00005731;Аккумулятор 4Ni-Mh AA 4,8V 2500mAh Страна ввоза: Гонконг. Производство: Китай.;draft-81157126ba5759ec
КА-00005732;Аккумулятор Li-Pol Radiomaster 7.4V 6200mAh /Китай/;draft-f7edd717a5f1e1ed
КА-00005733;ИБП CyberPower PR750ELCD	 750VA/675W LCD/USB/RS-232/EPO/SNMPslot (6 IEC С13) 12V/7.0Ah*2/Китай;draft-6a83d000bd03cbf6
КА-00005734;ИБП Сайбер Электро ЭКСПЕРТ-II-1000Р	1000VA/1000W 2U/LCD/USB/RS-232/EPO/SNMPslot/RJ11/45/(8 IEC С13./;draft-0defef20aa542ddd
КА-00005735;Карта удаленного управления Сайбер Электро SNMP ПМКАРД (PMCARD)Китай;draft-12b124db8889be01
КА-00005736;АККУМУЛЯТОР HR1234W (BB Battery), Китай;draft-a44396aef91ecbd8
КА-00005737;Батарейка Трофи R6-10S CLASSIC HEAVY DUTY Zinc, Китай;draft-55b32654d8703eb2
КА-00005738;Сетевое ЗУ BOROFONE BA52A, QC3.0, 1хUSB-А, 2.1А, черный (66/264), Китай;draft-f6bfc87c9ca8f768
КА-00005739;Батарейка CR14250H/3FP /1/2AA, 0,95Ач, на плату, Китай;draft-8039bdb433064fb8
КА-00005740;Элемент питания литиевый CR2450  с выводами 3V/Китай/;draft-f3cb619b565d2005
КА-00005741;Элемент питания литиевый CR2330  с выводами 3V/Китай/;draft-5005a324894eb93e
КА-00005742;Аккумулятор 8LG INR18650-HG2 6000mAh 20A Li-Ion 14,4V, страна происхождения - КОРЕЯ, Сеул;draft-eb21fd1a556003fd
КА-00005743;Аккумуляторная батарея Delta FTS 12-105 X /Китай/;draft-e048ad29ce58f207
КА-00005744;Аккумулятор Lifepo4 12V 45ah (198*99166*170) /Китай/;draft-0f01efabd1ce8fa6
КА-00005745;Зарядное устройство Robiton VolumeCharger LCD в комплекте с сетевым адаптором 2,1A /Китай/;draft-097cb13264620f43
КА-00005746;Аккумуляторная батарея GEL 12-55 Delta, ZL5117Q /Китай/;draft-599305535cea8357
КА-00005747;Наконечник ТМЛ 50-10-11 луженый КВТ (Страна ввоза РФ);draft-a44a574a08626917
КА-00005748;Трубка термоусадочная ТУТнг D: 16/8мм красная (1м), Китай;draft-4bdb991f2bc577f4
КА-00005749;Провод ПуГВ 1х50 черн (100 м) Автопровод (Страна происх. РБ);draft-b7a038bba44ee2ed
КА-00005750;Трубка термоусаживаемая ТУТ нг 50/25 красная рулон EKF PROxima,  (Страна происх. Китай);draft-89fad9cc7250fdd1
КА-00005751;Самоклеящаяся этикетка напечатанная 120*70;draft-9ca3581a2379ff19
КА-00005752;"Программа для ЭВМ ""1С-Битрикс24"" Лицензия Стандартный (12 мес.)";draft-d43d538e2f8d48d3
КА-00005753;Аккумулятор Li-ion TCL DSJ-T5 3.7V 1900mAh /Китай/;draft-a88e77b82e946b11
КА-00005755;ИБП Ippon Innova TB 1000 черный Страна происхождения-КИТАЙ;draft-06b0a767a6f76492
КА-00005756;Источник бесперебойного питания IPPON Innova G2 1000;draft-296caf5f4a392fe7
КА-00005757;Аккумулятор 8 Ni-MH SUNER AA 9.6V 2200mah, производство Китай;draft-eb86790b20897c1d
КА-00005758;Гильза соединительная медная луженая GTY-10-5 (ГМЛ) EKF/ Россия;draft-342f3d9db07ed8f2
КА-00005759;Аккумулятор Li-Pol 2x603850 3.7V 3000mAh /Китай/;draft-599d959cb52784fa
КА-00005760;Самоклеящаяся этикетка напечанная 130*55 на пленке;draft-e07ed0b4961376f1
КА-00005761;LS 33600 FLE литиевый элемент с выводами (производство 2024г), страна ввоза Россия;draft-407523fedf50df10
КА-00005762;Организация работы по сертификации продукции и гос. регистрации на основании приложения № б/н от 28.;draft-143087f39c31c32e
КА-00005763;Лабораторный блок питания LW-3020KD для подключения и тестирования устройств, сделано в Китае;draft-2778702a4ddf34d0
КА-00005764;Аккумуляторная батарея DTM 6012 Delta;draft-cd87fa1fad87c847
КА-00005765;Литиевый элемент питания LS 14250(SAFT) TSX-PLP-01;draft-5e3ab3982ff581a0
КА-00005766;"Элемент питания 6127 101 401 VARTA CR1/2AA bl.1; Страна происхождения - КИТАЙ";draft-594da95de6e9eb61
КА-00005767;"Элемент питания Renata, CR2450N SC ; Страна происхождения - ШВЕЙЦАРИЯ";draft-e64ee32500c8a638
КА-00005768;Аккумуляторная батарея HRL 12-9 (1234W) X Delta /Китай/;draft-82a7fa16711a3d3f
КА-00005769;Аккумулятор Delta DTM12-65;draft-28c292852063c399
КА-00005770;Аккумулятор Delta GEL12-65;draft-86810b65c47f8d6e
КА-00005771;Аккумулятор Delta GX12-65;draft-14e7309621400c18
КА-00005772;Аккумуляторная батарея GEL 12-26 Delta, 107VDRB  /Китай/;draft-aee6f229a3c10348
КА-00005773;Аккумуляторная батарея DT 6028 Delta, N8FE418 /Китай/;draft-13609bab84fe12f1
КА-00005774;Аккумулятор APC RBC123 24V 7AH /Китай/;draft-8aabbfc190fd096d
КА-00005775;FIX-GR-5, Кабельный ввод\ FIX&FASTEN/ Китай/;draft-a3d2865eb9eff873
КА-00005776;ТО-1 и выезд к клиенту +запчасти;draft-631be13bfc5b8b83
КА-00005777;Замена подшипников +запчасти;draft-4dcbf2acce5b83d4
КА-00005778;Аккумулятор LG 12INR18650-HG2 9000mAh 20A Li-Ion 14,8V, страна происхождения - КОРЕЯ, Сеул;draft-b0eadcf1e62ca073
КА-00005779;Аккумулятор ТНЖ-350М У2 ПК, сухой,  производство Курский АЗ;draft-bcb2aeb73669d14b
КА-00005780;Аккумулятор 30ТНЖ-350М У2 ПК, сухой,  производство Курский АЗ;draft-c8f5e98e63d35b6f
КА-00005781;Аккумулятор литиевый SAMSUNG 2INR18650-25R 3,7B 5000mah 20A;draft-e277f0e62b07245b
КА-00005782;Клещи токовые (токоизмерительные) цифровые автоматические (ACV/DCV, сопротивление, прозвон, т/Mastec;draft-1105496dfeac7ecf
КА-00005783;Клема 6,3;draft-eb5eb613aaba49fd
КА-00005784;Штекер 4*1,7;draft-1af13bd1c50b4e53
КА-00005785;Цинконаполненная грунт-эмаль Elcon Zintech Alume фэрозоль 520мл;draft-87dd529c17cc591f
КА-00005786;Цинконаполненная грунт-эмаль Elcon Zintech 96% аэрозоль 520 мл;draft-9ed9a2096971d098
КА-00005787;Универсальный растворитель Elcon R (1л канистра);draft-9a466afdf9972a04
КА-00005788;Преобразователь ржавчины Elcon P 0,5л триггер;draft-2a5c788278bf0e45
КА-00005789;Очиститель тормозов 9670 500мл mannol;draft-df4bff6bdd62bfd0
КА-00005790;mannol m-40 400ml;draft-af5cdeb96be7a708
КА-00005791;хомут 12-20;draft-fe3f87ba80740c26
КА-00005792;хомут 16-27;draft-6f9157d9649e0232
КА-00005793;хомут 20-32;draft-83184cee9aa2c2f9
КА-00005794;Подкатной домкрат Forsage F-820050t;draft-a90791d68672b436
КА-00005795;Съемник стопорных колес Волат 230701;draft-5d466fd31b8dd33f
КА-00005796;Шприц автомобильный для смазки Horex CAT 9688;draft-6154f604075cb4a5
КА-00005797;Комплект противооткатов Forsage TRF3553;draft-75be4811fbde3e29
КА-00005798;Башмак противооткатный Arnezi;draft-efcd3223d27fd798
КА-00005799;Шприц для масла;draft-1062114f7b79ee61
КА-00005800;Плоскогубцы (пассатижи) 180мм никелированные двуъкомпонентные рукоятки Вихрь;draft-051031397d9053b7
КА-00005801;Щетка по металлу с пласт. ручкой;draft-e0b9ca8720c2a809
КА-00005802;Грунт-эмаль по ржавчине 3в1 черный Farbitex 0,8л;draft-005b854154eb9715
КА-00005803;Обезжириватель Вершина с тригером 1л.;draft-1faa3c5b022a2875
КА-00005804;Валик велюровый мини 60% шерсть ручка 6мм 60*16мм;draft-dcf4eab18cc467f7
КА-00005805;"Шприц инъекц.однокр.прим.20Б""Луер""";draft-53165fcf9bf9ba63
КА-00005806;"Шприц инъекц.однокр.прим.10Б""Луер""";draft-9adb95b4c5078dc3
КА-00005807;Аккумулятор Ni-mh 5SUNER AA 6V 2200mAh /Китай/;draft-6d704d5cdebff91c
КА-00005808;Розетка стационарная наружная 124 3P+PE32A 380В IP44 EKF PROXIMA, РОССИЯ;draft-5e9a4a1edc64efd9
КА-00005809;Кабель КПТГ-ХЛ 3х6+1х4(N) 380/660-3, РОССИЯ;draft-c342047586083821
КА-00005810;KARAT Автоматический выключатель дифференциального тока АВДТ 34 С25 30мА тип А IEK, КИТАЙ;draft-2c5d0059c5f8b06b
КА-00005811;KARAT Выключатель нагрузки (мини-рубтльник) BH-32 3P 25A IEK, КИТАЙ;draft-131ee1c7d5292b1d
КА-00005812;GLORY Розетка 2-местн для откр. уст.с зазем-м без защ.штокор 16A PC22-3-XCм сталь матовый IEK, КИТАЙ;draft-19e3c1bd3c69c477
КА-00005813;Щит ЩРУН 3/12 наруж. IP31 (500х300х160) (Дрогол, РБ);draft-69a07efe510594ac
КА-00005814;Электрический счетчик CE 318 BY R32 146 JR UVFL;draft-4361cb251e8b9a70
КА-00005815;Аккумуляторная тяговая батарея Конкордия 8V 200Ah;draft-f00fa5e54fd6286f
КА-00005816;GP12260 WBR Свинцово-кислотный аккумулятор;draft-fef274ca0c0cb4ea
КА-00005817;"Элемент питания 6450 101 401 VARTA CR2450 G1AN Electronics BI.1 ; Страна происхождения - КИТАЙ";draft-78219bf5bb63b284
КА-00005818;"Элемент питания Renata,CR2450N G1AN SC ; Страна происхождения - ШВЕЙЦАРИЯ";draft-6da1c203a8ac3dfb
КА-00005819;Аккумулятор 32Lifepo4 ITR26/70-50E 26700 25,6V 20000 mAh КП/Китай/;draft-2f115121eae86ac9
КА-00005820;Аккумуляторная батарея HRL 12-9 (1234W) X Delta, 4P468Z3 /Китай/;draft-9612270ad67a2a92
КА-00005821;Аккумуляторная батарея Delta HRL 12-7,2 X, 82TJ4J3 /Вьетнам/;draft-25047015b1fa76bc
КА-00005822;Аккумулятор Li-ion PMNN4440AR 7.4V 1600 mAh /Китай/;draft-a1a0b544a4994c0c
КА-00005823;Аккумулятор Li-ion PMNN4807A 7.4V 2200 mAh /Китай/;draft-19470dbfe6e2c293
КА-00005824;Аккумулятор Li-ion PMNN4066B 7.4V 1500mAh /Китай/;draft-74bf44adbfd5f54f
КА-00005825;Аккумулятор Li-ion PMNN4259AR 7.4V 2075mAh /Китай/;draft-ab9ff90bcd65c422
КА-00005826;Аккумулятор Li-ion PMNN4468A 7.4V 2300mAh /Китай/;draft-f047d986338c6040
КА-00005827;Элемент питания литиевый CR14505 3V 1800mAh /Китай/;draft-a6c559f585685aef
КА-00005828;Аккумулятор Li-Ion Cameron Sino CS-CNF680BL 3.7V 2600mAh /Китай/;draft-698c36c35038e4c2
КА-00005829;GP1272 WBR Свинцово-кислотный аккумулятор;draft-8ad8c5a59bee1fe0
КА-00005830;GP12170 WBR Свинцово-кислотный аккумулятор;draft-0e83014efb0c60ad
КА-00005831;"Ручка гел.-прикол ""Котик"" корп.асс.стерж.син. страна происхождения Китай";draft-44478cb56708d50a
КА-00005832;Ручка шар.Prof-Press Cursive корп.прозр.стерж.син. страна происхождения Китай;draft-357ada44ff30c3ed
КА-00005833;Карандаш ч/г TM Staff с ласт.заточ.шестигран.корп.пласт.зал. страна происхождения Китай;draft-0303dbde91fd3ecf
КА-00005834;Лезвия д/ножей 18мм Attache Economy 10шт.пласт.контейн. страна происхождения Китай;draft-46768a0c1526cb0f
КА-00005835;Лезвия д/ножей 9мм Workmate 10шт.пласт.контейн. страна происхождения Китай;draft-5d6b8bda5389128b
КА-00005836;Ножницы канц.160мм Workmate ручки пласт.черные страна происхожедния Китай;draft-67ff1d578ded2bef
КА-00005837;Лента клейкая канц.12мм*20м страна происхождения Китай;draft-af5fc839d8dad6f8
КА-00005838;Лента клейкая бумажн.30мм*40м Klebebander страна происхождения Китай;draft-1264ffdae1c4a913
КА-00005839;Лента клейкая упак.48мм*57м 40мкм Klebebander страна происхождения Китай;draft-b4f98643947e94d3
КА-00005840;Регистратор 50мм одностор.п/мрамор Эко черный страна происхождения Россия;draft-537eed7f9a246e9f
КА-00005841;ERGOLUX ELX-CA01P-C02 ПРОМО (Автомобильный адаптер 1USB, 12В, 5V/2А, LED, Черный, Пакет), Китай;draft-ce32c1cb6a3c0341
КА-00005842;Реостат СИМЗ РБ-306 У2 (380В 6-315А 19кг) РФ;draft-7eed9b934adc63a1
КА-00005843;Аккумулятор Samsung 3INR18650-35E 3450mAh-10A 11.1v, страна происх. Корея;draft-8f49d2af9593f289
КА-00005844;Аптечка первой помощи для оснащения транспортных средств (автомобильная) в полиэтиленовом пакете;draft-3a918635d67a4c5e
КА-00005845;Аптечка первой помощи универсальная в полиэтиленовом пакете, тип АУ;draft-3daa5de173ac8e28
КА-00005846;Гайка шестигранная М3 цинк класс прочности 6 DIN934 STARFIX 1000штук, КИТАЙ;draft-bccf8bb0557b53a3
КА-00005847;Отвертка TORX T8 FORCE (ТАЙВАНЬ (КИТАЙ));draft-846ad9ab081c46f9
КА-00005848;Клей холодная сварка МОМЕНТ Супер эпокси в шприце 6 мл, КИТАЙ;draft-60492181b382bb42
КА-00005849;Винт полусферическая головка М3х12 мм цинк класс прочности 5,8 DIN 7985 STARFIX 1000 штук, КИТАЙ;draft-88906ab234b34c34
КА-00005850;Аккумулятор EVE 8ICR18650/26V 14,4V 5200mAh / Китай /;draft-5f3bf0addb2d596f
КА-00005851;Аккумулятор Ni-mh RADIAN AA 2850mah /Китай/;draft-971fc67fc05671a5
КА-00005852;ERGOLUX ELX-РA01P-C01 ПРОМО (Сетевой адаптер 10Вт 1USB, 100-220В, 5V/2А, Белый, Пакет);draft-773c40059382350e
КА-00005853;Эл. питания литиевый PKCELL CR2450 3V с коннектором /Китай/;draft-38b1209ca6d2c18f
КА-00005854;Адаптер/блок питания ROBITON USB 2100 /Китай/;draft-d66cf7866a7203f4
КА-00005855;Кулометр;draft-539bd574df5da258
КА-00005856;Болт высокопрочный М10х30х1,5;draft-cecb7d5cdefed85d
КА-00005857;Болт высокопрочный М14х50х2;draft-b7b9edce86540b66
КА-00005858;Краска;draft-93182b5b0e348125
КА-00005859;Тормозная жидкость;draft-35a5028109651be1
КА-00005860;Очиститель тормозн.;draft-06e50fdac40df989
КА-00005861;"Ключ данимометрический 5-25 Нм 1/4"" AIRLINE, КИТАЙ";draft-5bd0efdac6e83a87
КА-00005862;Трубка термоусаживаемая КВТ ТНТ-8/4 1 м белая, КИТАЙ;draft-8bc35a4d3f69fd0e
КА-00005863;"Набор головок 1/4"" 4-13мм 12 предметов PRO STARTUL, КИТАЙ";draft-36f385e2ac4fd210
КА-00005864;ER14335H/S FANSO БАТАРЕИ ЛИТИЕВЫЕ/ Китай;draft-580a77df9747e095
КА-00005865;Провод электрический, черный, 10AWG, Китай;draft-e6dc9120af2423f1
КА-00005866;Провод электрический, красный, 10AWG, Китай;draft-c0e0c4139c1df0f5
КА-00005867;Очиститель тормозных колодок и элементов сцеплен. ТУРЦИЯ;draft-578a766d9d8f434a
КА-00005868;Кольца уплотнительные резиновые маслобензостойкие, 419пр., (мет) КИТАЙ;draft-db9574eeb48253f5
КА-00005869;Кольца уплотнительные резиновые маслобензостойкие, 419пр. (дю), КИТАЙ;draft-9ab34a870b236c34
КА-00005870;ER14335H/S FANSO  EHR-2 БАТАРЕИ ЛИТИЕВЫЕ / Китай;draft-2495a11223150653
КА-00005871;Аккумуляторная батарея Delta HRL 12-170W /Вьетнам/;draft-526943585564e322
КА-00005872;Пленка укрывная 4х5 м 12 мкм STARTUL Master (КИТАЙ);draft-169b41fdee3792ab
КА-00005873;Грунт-эмаль алкидная BELAKOR 15 прямо по ржавчине 3 в 1 RAL желтый, 1 кг, БЕЛАРУСЬ;draft-8153e78944b6a3bf
КА-00005874;Растворитель ВЕРШИНА уайт-спирит 0,25 л, РОССИЯ;draft-25db989ab616e420
КА-00005875;Сверло по металлу спиральное 3,5х39х70 мм 2 штуки GEPARD HSS-Co, КИТАЙ;draft-60392f4c4df3f1fa
КА-00005876;Сверло по металлу спиральное 3,2х36х65 мм  GEPARD HSS-Co 2 штуки, КИТАЙ;draft-0f276857dc7a58a6
КА-00005877;NDR-480-24, Источник питания, Блок питания, 24В, 20А, 480Вт\MEAN WELL, Китай;draft-c0069846b66be862
КА-00005878;Аккумулятор DJI Mavic air s fiy;draft-cb813c5a0d5267e0
КА-00005879;Аккумулятор DJI Mavic 2 zoom;draft-431ce30a14726d44
КА-00005880;Аккумулятор DJI Mavic phantom 4 pro obsidian;draft-f38f7f8bbe7d9c2b
КА-00005881;Плата BMS Daly LifePO4 15S40A 48V 40A;draft-6432fa683bfa5061
КА-00005882;"Элемент питания GREEN POWER ALKALINE AA/LR6 (4 pack shrink);   Страна происхождения - КИТАЙ";draft-37818dc07145752e
КА-00005883;Табличка металлическая 70*120 мм;draft-295d08b4997f70d6
КА-00005884;Батарейка ER6V АА (Saft LS14500) c коннектором;draft-72b6c15252a5413b
КА-00005885;"Чай ""Хэйлис"" Гарм.Прир. 110п*1,5гр*9 черн. ассорти семь нат. вкусов, РФ";draft-cbcb6fc3b29d1659
КА-00005886;Кофе раствор. сублим. Barista Mio ст/б 95г*12шт с доб. натур. жар. мол.;draft-eee13bed7472bfea
КА-00005887;"Напиток сух. раств. ""Шокомишка"", 500г.*12, на основе какао порошка";draft-add6c5b432bdffd9
КА-00005888;Платформенная электротележка РS-3 1T /Китай/;draft-576ce24678eae5dd
КА-00005889;Шплинт 1,7х22;draft-c0d0da61af907c21
КА-00005890;Аккумулятор Li-ion 7,6V 4920mAh /Китай/ (DJI CrystalSky);draft-fc48ea31841f4347
КА-00005891;Батарейка OEM BR-AGCF2W 6V 1800mAh /Китай;draft-0538befade749baa
КА-00005892;Батарея аккумуляторная свинцовая тяговая 24x4PzS620 в ящике 1215х355х780 (НАКИ 321162.413) с гибкими;draft-83bc133a1b3e8b08
КА-00005893;Зарядное утройство ROBITON Smart4 9V в комплекте с сетевым адаптером /Китай;draft-0184d330ee019790
КА-00005894;Аккумулятор EnerSys Cyclon Monobloc 0859-0010 (AGM, 8Ah, 4V) / США;draft-0ecd1ebc9ce527bb
КА-00005895;Зарядное устройство ROBITON Smart4 9V в комплекте с сетевым адаптером /Китай;draft-8d718670b225d4f7
КА-00005896;Аккумуляторная батарея DT 1226 Delta, 1GYH7JB /Вьетнам/;draft-11fd0e9b89e4aacf
КА-00005897;Зарядное утройство LIFEPO 48V 200A /Китай/;draft-62c5a91d39df6de0
КА-00005898;Аккумулятор NiMH T4 8318704 для газоанализаторов Drager X-am 2500;draft-ec54162e56484baa
КА-00005899;Аккумулятор FDK  Ni-MH HR-4/3AU 4000mAh Производство: Япония. Ввоз: Литва;draft-36226ce620379d1f
КА-00005900;Зарядное устройство для литиевых аккумуляторов 25.9V 10A /Китай/;draft-fd0df26905be9c68
КА-00005901;АККУМУЛЯТОР BPS 7-12 T2 (BB Battery),  КИТАЙ;draft-d74cc12890e979df
КА-00005902;Аккумулятор  BC 12-12 -Т2 (BB battery), КИТАЙ;draft-901ffefa4bb91d59
КА-00005903;АККУМУЛЯТОР HR1234W  (BB Battery), КИТАЙ;draft-d4043a835454bbab
КА-00005904;Аккумулятор BB battery HRC 5,5-12 T2 (BB Battery), КИТАЙ;draft-3eae7bce3eaf67d6
КА-00005905;АККУМУЛЯТОР BC 17-12 B1   (BB Battery), КИТАЙ;draft-cfca44e8c6d43de0
КА-00005906;Зарядное устройство для литиевых аккумуляторов 25.9V 4A /Китай/;draft-f15cdb7f8607ec49
КА-00005907;Аккумуляторная батарея DT 6045 Delta, 7JY97BX /Вьетнам/;draft-867f199f08f61229
КА-00005908;Аккумуляторная батарея GEL 12-15 Delta, JB34L03 /Китай/;draft-74c3a299c94e42a5
КА-00005909;Литиевая батарея Fanuc A98L-0031-0026 3V;draft-8238e2aefca4c7f8
КА-00005910;Аккумулятор свинцово-кислотный RADIAN GPL 6-7 (6V/7Ah) /Китай/;draft-535d17cdc2780b3d
КА-00005911;Аккумулятор свинцово-кислотный RADIAN GPL 6-9 (6V/9Ah) /Китай/;draft-0be01fffaebe6621
КА-00005912;Аккумулятор свинцово-кислотный RADIAN GPL 12-1,3 (12V/1,3Ah) /Китай/;draft-8c74bf357ae21516
КА-00005913;Корпус пластиковый 4R25 /Китай/;draft-863f325e0f4e8677
КА-00005914;Элемент питания алколиновый 4R25 /Китай/;draft-537f56253fda8132
КА-00005915;Аккумулятор Lifepo4 EVE LF304А /Китай/;draft-5f77c3f76d077e48
КА-00005916;Аккумулятор LiFePO4 RADIAN LF12100-02 12V 100Ah /Китай/;draft-2b2424a701ac1e62
КА-00005917;Аккумулятор LiFePO4 RADIAN LF12200-02 12V 200Ah /Китай/;draft-9938b0fd00b7f7dd
КА-00005918;Аккумулятор LiFePO4 RADIAN LF24100-02 24V 100Ah /Китай/;draft-a86f2b2120a850a6
КА-00005919;Аккумулятор LiFePO4 RADIAN LF24200-02 24V 200Ah /Китай/;draft-51ebab1aec351898
КА-00005920;Лазерный станок 2000W /Китай/;draft-554aed3a1f7b7bbe
КА-00005921;Никилевая лента 26650*2;draft-6fed4d6efc4acd7a
КА-00005922;Элемент питания литиевый CR14250AX 3V 900mAh /Китай/;draft-947cd4480cb0787b
КА-00005923;Аккумулятор литиевый SAMSUNG INR18650-30Q 3,6V 3000mAh /Китай/;draft-995a070c39937fe7
КА-00005924;Аккумулятор HR9-6 T2, Китай;draft-913f8468e8221675
КА-00005925;Элемент литиевый Fanso ER14505 с разъемом BLS-2 /Китай/;draft-0d9e80013ee70563
КА-00005926;Эл. Питания литиевый 3.0V CR123A-BO /Китай/;draft-ddde95b639156622
КА-00005927;Лента клейкая канц.12мм*20м Klebebander прозрачная TSK109T страна происхождения Китай;draft-8ec4bf1ae098a129
КА-00005928;Лента клейкая упак. 50мм*57м 40мкм Klebebander прозрачная страна происхождения Россия;draft-935f54823324b0bd
КА-00005929;Линейка деревянная 20см Staff страна происхождения Китай;draft-926917ce494eaa9f
КА-00005930;Регистратор 70мм одностор.п/мрамор Эко черный / Россия;draft-304f09f732928f61
КА-00005931;Скоросшиватель пласт.A4 Standart 0,18мм прозр.верх.син.страна происхождения Россия;draft-b1e5b7e72fbe68d1
КА-00005932;Скоросшиватель пласт.A4 Standart 0,18мм прозр.верх.желт.страна происхождения Россия;draft-2df2db83773b3fa3
КА-00005933;Скоросшиватель пласт.A4 Standart 0,18мм прозр.верх.красн.страна происхождения Россия;draft-a4d30849cdb34a6b
КА-00005934;Тарелки однораз.d=18см 100шт.,мел.бум.белые, Россия;draft-fe4085eb6d988622
КА-00005935;Вилки однораз. Laima 165мм 100шт., пласт.белые, Россия;draft-9c687a7f4a2cb3c3
КА-00005936;Ложки однораз.столовые 100шт.165мм Laima пласт.белые, Россия;draft-396a693666ef00c1
КА-00005937;Батончик шокол.Picnic Big 76г с арахисом и изюмом, Россия;draft-cdf30a4f901f84f3
КА-00005938;Шоколад Alpen Gold 80г молочный с клуб.-йогурт.нач., Россия;draft-17c056a969143120
КА-00005939;Шоколад Alpen Gold Oreo 85г Молочный с кусочками печенья, Россия;draft-34c01f8a9f018458
КА-00005940;Бумага д/зам.лип.76*76мм 1*80л. Legend желтая, Китай;draft-9fb617b78a1b0ab5
КА-00005941;Закладки пласт.цвет.лип.45*12мм 5цв.*25л., Prof-PressКитай;draft-7df25110a3302f21
КА-00005942;Самоклеящаяся этикетка напечатанная 75*50;draft-f307222253e6fc22
КА-00005943;Зарядное устройство 3А, 16,8 V;draft-239c44b0cfac602a
КА-00005944;Аккумулятор Li-ion EVE INR18650-33V (защ) 3,7V 3300mAh /Китай/;draft-b4c77862e995ec4e
КА-00005945;Аккумулятор 96Lifepo4 ITR26/70-50E 26700 12.8V 120Ah КП/Китай/;draft-81234474b241bb07
КА-00005946;Винт полусфера М3х6, DIN 7985, цинк (Российская Федерация);draft-75847edf08297176
КА-00005947;Винт полусфера М3х12, DIN 7985/, цинк, (Российская Федерация);draft-f43eb5e40720ecb9
КА-00005948;Гайка шестигранная М3, цинк, DIN 934 (Российская Федерация);draft-efdfe51b15c5f101
КА-00005949;Герметик санитарный силиконовый 280 мл прозрачный SFT (Российская Федерация);draft-2eac42a6a34aeded
КА-00005950;Шайба пружинная М 3, цинк (фас0,15кг/1630шт) (Китай);draft-5a4114acd1e76d2b
КА-00005951;Батарейка GoPower G7/LR926/LR57/395A/195 BL10 Alkaline 1.55V (10/1000/3600).Китай;draft-084eab51995ef8ad
КА-00005952;Элемент питания литиевый CR3677X-HE1 /Китай/;draft-664d20629b1b6199
КА-00005953;Аккумулятор свинцово-кислотный RADIAN GPL 12-75 (12V/75Ah) /Китай/;draft-9d5df10c68b22f1d
КА-00005954;Аккумулятор LiFePO4 RADIAN LF12120-02 12V 120Ah /Китай/;draft-7d79dcac048cc7ea
КА-00005955;Аккумулятор свинцово-кислотный RADIAN GP 6-4.5 (6V/4.5Ah)/Китай/;draft-8d6f82c2aaac0d8f
КА-00005956;KIJO 6-EVF-45Ah (М6) свинцовая аккумуляторная батарея, Страна ввоза Китайская Народная Республика;draft-d34339881bc73104
КА-00005957;SB CO2 TC (Tekcell) Литиевый элемент питания c разъемом BSL-2;draft-1e41c3313f2375fe
КА-00005958;Элемент питания LS 14500 AX;draft-eabdfbe89ec83043
КА-00005959;LS 14250 АХ Литиевый элемент питания;draft-ead9e2de8dd09730
КА-00005960;Скотч (лента) малярный 30 мм 25 м MOTIVE желтый (20152);draft-6333d7ffe84360e0
КА-00005961;Скотч (лента) малярный 48 мм 25 м MOTIVE желтый (20154);draft-d15d11a5cd51c930
КА-00005962;Припой ВЕКТА ПОС-61 без канифоли 1,5 мм катушка 100 г (30198);draft-4633e0ef7ff608cd
КА-00005963;Аккумулятор Ni-mh 4SUNER SC 3000mah 10С 4,8V /Китай/;draft-d0bbb08796719d8d
КА-00005964;Аккумулятор Li-pol 11.04V 3750mAh /Китай/;draft-a1a13d40345a1268
КА-00005965;Аккумулятор Li-pol 15.4V 3850mAh /Китай/;draft-f2130919dc588ebd
КА-00005966;Аккумулятор Li-pol 15.2V 5870mAh /Китай/;draft-c67e789158c378ca
КА-00005967;Аккумуляторная батарея Kijo 6V EVF 220Ah (C3) (M8) GEL, страна ввоза Китайская Народная Республика;draft-ea4f2b4c2e3b3d5c
КА-00005968;"Элемент питания Renata CR1632 2PF; Страна происхождения- ШВЕЙЦАРИЯ";draft-18ba285980f9c879
КА-00005969;Аккумулятор Ni-MH АА800mAh/Китай/;draft-5ce4dfe4ce85f641
КА-00005970;ERGOLUX ELX-PA01P-C01 ПРОМО (Сетевой адаптер 10Вт 1USB, 100-220B, 5V/2A, Белый, Пакет), Китай;draft-dbeec0c487ccaa10
КА-00005971;Батарейка ER26500H-LD/EHR-02 Fanso /Китай/;draft-bfb0b51aa9691980
КА-00005972;Наконечник кольцевой неизолированный DJ431-3A-B/ 1.5мм, Китай;draft-45a7deb6ffe32fcf
КА-00005973;Разъем балансировочный CWR-3R / вилка угловая 3pin шаг 2.5 мм на плату, Китай;draft-8962e24d5593d843
КА-00005974;Кабельный ввод FIX-GR-15/5мм/8мм, резина, Польша;draft-b7c1cfbf9ed238fd
КА-00005975;Элемент питания литиевый ER18505H-LD/-EHR-02 /Китай/;draft-8e6d1f959249e44e
КА-00005976;Тяговая аккумуляторная батарея LIFEPO4 48v 304Ah /Китай/;draft-e96be966d9a60192
КА-00005977;Элемент питания литиевый FANSO ER26500M 3.6V с разъемом HU-2 /Китай/;draft-949e39ff66a67140
КА-00005978;Элемент питания ROBITON PROFI R-CR2354-BL1 CR2354 BL1 /Китай;draft-e957986c62fcb75f
КА-00005979;Аккумуляторная батарея DT 12012 Delta, 9R07Y2V /Китай/;draft-09dfa786a8d4a5f8
КА-00005980;Аккумуляторная батарея HR 12-5.8 Delta, 2G091UV  /Вьетнам/;draft-bc3f9d7f3844d22b
КА-00005981;Аккумулятор Li-ion Molicel INR21700-P50B 3.6V 5000mAh /Китай/;draft-9fa85d98cbf31cb8
КА-00005982;Аккумулятор Samsung 4000mAh INR21700-40T /Китай/;draft-e54561be718847ee
КА-00005983;Коврик для мыши Defebder Black 250x200x3 мм /Китай;draft-f97a0f62fa8ec268
КА-00005984;Наушники беспровод. Defender FreeMotion B571 черный, LED, Bluetooth/ Китай;draft-53c40f755e80c53b
КА-00005985;"Блокнот А5 148*210 мм, 50 л., в клетку ""AgeBag"" Clairefrontaine спираль сбоку,обл.карт.,черн. Китай";draft-5aaea72656574aaf
КА-00005986;"Модуль вертик., 265мм ""Deli"" 3 отделения, черный/ Китай";draft-bd7c9936bb4b31a7
КА-00005987;Салфетки бумажные 24*24см 1-сл, цв. белый, 100 шт/ Беларусь;draft-4d718e9d1099e854
КА-00005988;Салфетки влажные антибактериальные Senso, с клапаном 72 шт/упак/ Беларусь;draft-1ffa2db3c01cd6cb
КА-00005989;"Файлы А4, коисталл, 45мк, 100 шт ""Yesli""/Беларусь";draft-fe2c3c646111e753
КА-00005990;Фильтр сетевой 5м (5роз., 2,2кВт, с/з.ю выкл., ПВС 3х0,75) черный Юпитер, Китай;draft-0eff7103fc12d7fa
КА-00005991;Подшипник 6204-2Z/C3 (SKF) / Россия;draft-3fbdacf5f93ec055
КА-00005992;Подшипник 6205-2Z/C3 (SKF) / Россия;draft-10d8b2f7c577049f
КА-00005993;Подшипник 6206-2Z/C3 (SKF) / Италия;draft-a21972d2ab9ac19a
КА-00005994;Подшипник 6010-2Z/C3 (ZKL) / Чехия;draft-9bc6cbc575d8754b
КА-00005995;Аккумуляторная батарея Delta GEL 12-15 /Китай/;draft-4ed5c3ce1d5ec13f
КА-00005996;402961 Товарно-транспортная накладная (ПЭВМ) кн., 1х4, а4 Сер. АУ3335001-3335200;draft-27885e0db712ccb7
КА-00005997;"Съемник подшипников 3-зажимн. 3"", Волат";draft-4bbd4cda5254d69d
КА-00005998;Разъем в сборе EHR-2 685621.032-03;draft-5b298b63159cc5dd
КА-00005999;Электрический вилочный погрузчик HILIFT OP15 /Китай/;draft-07b95f0ec2f8f2a8
КА-00006000;Зарядное уcтройство 24V-30-LiFE /Китай/;draft-8fd4bce62aaa7977
КА-00006001;Зарядное уcтройство 24V-40-LiFE /Китай/;draft-9630d6fe8e09d1fe
КА-00006002;ER26500H-LD/EHR-02 FANSO Батареи литиевые / Китай/;draft-117d87c57ecf2c78
КА-00006003;ER18505H-LD/-EHR-02 FANSO Батареи литиевые / Китай;draft-92ff2bb25342f83c
КА-00006004;Аккумуляторная батарея DT 6028 Delta, K8T57AP /Вьетнам/;draft-ca8274c2b6acfaca
КА-00006005;Аккумуляторная батарея DTM 12012 Delta, 7149BT6 /Вьетнам/;draft-8e7acd8caa8564ab
КА-00006006;Аккумуляторная батарея GEL 12-15 Delta, S02GR3Z /Китай/;draft-95825f2191ad860d
КА-00006007;"Элемент питания ENERGIZER lithium L91 AA (10 pack); Страна происх. Сингапур";draft-607ca025dbb73c84
КА-00006008;"Элемент питания 6032 112 401 VARTA CR2032 BI. 1 Electronics; Страна происх. Китай";draft-202c805efe7165d4
КА-00006009;"Элемент питания VINNIC L1560F-C5/LR9/V625U bl.5; Страна происх. Китай";draft-ab235220cdda33d5
КА-00006010;Элемент питания ROBITON STANDARD R-4LR44-0-BL5 4LR44 (0%Hg) BL5,стр.происх.Китай;draft-223368d2218d7775
КА-00006011;Источники питания / Батарейки литиевые CR14250H/3FP Fanso / Китай;draft-83edf29f80c8ba9f
КА-00006012;Отрава от грызунов VALBRENTA CHEMICALS Крысиная смерть №1 200гр (РОССИЯ);draft-4433d97b3007b5ab
КА-00006013;Кольцо уплотнительное карбюратора для двигателя 177F/188F (FMS-01203) (КИТАЙ);draft-3232e4c7f782b20b
КА-00006014;Фиксатор вал-втулочный ALTACK 603 50 мл (al.603) (КИТАЙ);draft-d004e59a433328b8
КА-00006015;Аккумулятор ФAZA AAA 1000 mWh USB BL-2 (Type-C) происх. Китай;draft-789d4cbce66e49f9
КА-00006016;"W 6018_фильтр масляный MANN; страна ввоза - РФ";draft-4ba89a08b01e96f4
КА-00006017;"Kroon Oil Xedoz FE 5W-30 5л Масло моторное; страна ввоза _ РФ";draft-90d9c57b0829ed88
КА-00006018;К 1316= LA1139 KNECHT_фильтр салона!\;draft-34d57c2be2c9c209
КА-00006019;F 026 400 347_фильтр воздушный!\;draft-72add2bbf94e0ee0
КА-00006020;Аккумуляторная батарея DT 6028 Delta, 64L04F /Китай/;draft-afbbeb23bcf24007
КА-00006021;Лист х/к 0.8х1250х2500 08пс РФ, РОССИЯ, РОССИЯ;draft-18489bb710dab488
КА-00006022;Лист х/к 1.2х1250х2500 08пс РФ, РФ;draft-fbd6e68862a96130
КА-00006023;Лист х/к 1.5х1250х2500 08пс РФ, РФ;draft-5fed3def2f809d31
КА-00006024;Лист х/к 1х1000х2000 08пс РФ, РОССИЯ, РОССИЯ;draft-d4ef980259dded80
КА-00006025;Лист х/к 1х1250х2500 08пс, РФ, РФ;draft-c634fcf80f191f9e
КА-00006026;Табличка металлическая 120*70 мм;draft-f7e5e0ca2b9f083c
КА-00006027;Сервисная книжка, 150х140 мм, 20 страниц;draft-c944c3c6f49a8d26
КА-00006028;Сервисная книжка, 150х140 мм, 24 страницы;draft-7d5e7b1a97588d81
КА-00006029;Вода дистилированная LAVR 1 л (Ln5001) (РОССИЯ);draft-00e596c4ed15655c
КА-00006030;Источник питания LIR1220 Аккумулятор/Li-Ion Литий-ионный/ Китай;draft-1c45c2127ca0c663
КА-00006031;Стержень клеевой 11х270 мм REXANT прозрачные 1 кг (09-1857-1) (КИТАЙ);draft-497cf8ea969dbde6
КА-00006032;Антисептик-спрей для рук ДИЛИ ДОМ Септодил Плюс 1000 мл (ССП 1000) (БЕЛАРУСЬ);draft-8343424a41587149
КА-00006033;"Элемент питания  CP R20; стр.происх. - КИТАЙ;";draft-f690d0295bb2a0ce
КА-00006034;Аккумулятор ФAZA AA 3000 mWh USB BL-4 (Type-C) происх. Китай;draft-8541baba66474614
КА-00006035;Перчатки нитриловые OCCEANICA размер L 100 штук голубые (NGBE003) (КИТАЙ);draft-aa18891e48fdf6e6
КА-00006036;Перчатки хлопчатобумажные с ПВХ-покрытием Точка STARTUL черные размер 9 (ST7502) (РОССИЯ);draft-c0e1c510674d8018
КА-00006037;Перчатки хлопчатобумажные с ПВХ точечным покрытием Точка 9 STARTUL (ST7191) (РОССИЯ);draft-502b25cecf745eb2
КА-00006038;Короб полд аккумулятор 1;draft-6c5b602b2966f22e
КА-00006039;Короб полд аккумулятор 2;draft-66e451699fdcef59
КА-00006040;Короб под аккумулятор;draft-94d12269194227d7
КА-00006041;ПОС 61 прв d=1.5мм 200г катушка, Припой \ Россия;draft-149f506f3cd57a8a
КА-00006042;Пена монтажная ADMIRAL 55 всесезонная 1000 мл (КИТАЙ);draft-5d2b941c2d73c6dc
КА-00006043;Пакеты для мусора SMARTI 30 литров 30 штук (БЕЛАРУСЬ);draft-8ce7ee5c1227ad05
КА-00006044;Трубка термоускаживаемая ТУТнг D: 16/8 мм красная (1м) (Страна ввоза КИТАЙ);draft-d8db64864944adce
КА-00006045;ПуГВ 1х35,0 (ПВ3-35,0) черный (Страна ввоза РБ);draft-16997c671ed2af40
КА-00006046;Аргон газообразный высший сорт (20л) ГОСТ 10157-79;draft-229e3b7d717da0ef
КА-00006047;"Баллон аргоновый 20л D=168, 150 атм, ВК-1 НОВЫЙ; страна ввоза-РОССИЙСКАЯ ФЕДЕРАЦИЯ";draft-1c4dc8fc0a6d4999
КА-00006048;"Редуктор аргоновый АР-40 AL M; страна ввоза-КИТАЙ";draft-d97224a1e2e1a429
КА-00006049;Предохранитель автомобильный ножевой 30А 19мм / S1035-3, Китай;draft-5d6a6770e3bcd8cc
КА-00006050;Предохранитель автомобильный ножевой 20А 19 мм / l-KLS5-270-020, Китай;draft-21b48bc9a434ff99
КА-00006051;Наконечник кольцевой неизолированный DJ431-6В / 6.5мм (1.0-1.5), Китай;draft-61e362b37094853d
КА-00006052;Кабельный ввод PG 9 (4-8) Черный / IP68 полиамид (РА), Китай;draft-42e4cff4b3af8cb9
КА-00006053;Кабельный ввод MGB16-07G / Серый, Китай;draft-bb1d811710d5b06e
КА-00006054;Наконечник кольцевой неизолированный ТМЛ 16-6-6, Китай;draft-d1ca71cac2c898d7
КА-00006055;Инструмент для снятия изоляции и обжима наконечников ЮПИТЕР СИ-2 (JP9204) (КИТАЙ);draft-e8e7bf2e7e2228a4
КА-00006056;Пакеты для мусора ХОЗЧЮШКА 35 л 30 штук (4813626002992) (БЕЛАРУСЬ);draft-db4ec62eee063dce
КА-00006057;Скотч упаковочный 48 мм 150 м ADMIRAL прозрачный (00-00000006) (КИТАЙ);draft-532b708e37dd0864
КА-00006058;Самоклеящаяся этикетка напечатанная 76*44;draft-af66109725a48059
КА-00006059;Маяк импульный (желтый) 30LED h=122мм,d-128мм,на болтах/магните,в прикуриватель (WR-R-A),МИМ-03;draft-4f7b77043f220a0e
КА-00006060;Маяк проблесковый овал 24В на магните;draft-37817313d767ab1c
КА-00006062;402961 Товарно-транспортная накладная (ПЭВМ) кн., 1х4, а4 Сер. ДЛ 0903401-0903600;draft-8694abc2f2691d7a
КА-00006063;"Блок бумаги д/зам. 75*75мм ""Я принес тебе кофеечек""/Россия/";draft-71ad1d52e14de677
КА-00006064;Бумага д/зам.лип.50*50мм 1*100л OfficeSpace желтая /Китай/;draft-b04aa062e436fcfb
КА-00006065;Бумага д/зам.лип.76*76мм 1*100л Silwerhof Eco 3цв. пастель страна происхождения Китай;draft-2259820ef663e556
КА-00006066;Клей ДХЭ (дихлорэтан) 30 мл (банка), Россия;draft-af3a1a8ee31dbf41
КА-00006067;Мультиметр DT9205A, Китай;draft-986c46fd10c99dc4
КА-00006068;Провод  ПуГВнг-(А)-LS 25 черный;draft-2776ad6c47d9293d
КА-00006069;Аккумулятор BB Battery HR 9-6 T2, Китай;draft-c351cab619b9fa9d
КА-00006070;Скотч (лента) малярный 30 мм 25 м MOTIVE желтый (20152) (ПОЛЬША);draft-b64f7892e8c89435
КА-00006071;DS 1073-02-2x2-FCT6 (MF2x2F), Разъем, Розетка на кабель 4.2мм 4pin с контактами\Connfly, Китай;draft-479081ffb5d95236
КА-00006072;DS1073-02-2x2-FCT6 (MF2x2F), Разъем, Розетка на кабель 4.2мм 4pin с контактами\Connfly/Китай/;draft-9e1fecc37d1db158
КА-00006073;DS1110-01-2, Разъем миниатюрный 2pin (блок-кабель)\Connfly, Китай;draft-747b2f4336b0c441
КА-00006074;GK-389B, Инструмент, Пистолет клеевой профессиональный 100Вт (стержень 11мм.)\ProsKit;draft-b3a59dd5e6941793
КА-00006075;G1015, Корпус для РЭА 72х44х22мм, пластик, черный\Gainta, Тайвань (Китай);draft-d90a0204291e3b27
КА-00006076;01-4700 (за 1 м), Кабель КСПВ 2х0,4 (м)\Россия;draft-06b9c212f76c09b6
КА-00006077;Аккумулятор ROBITON 1500MH2/3A-2 SR2, в упак 32 шт, Китай;draft-99ebab6ac0ac2467
КА-00006078;Адаптер-блок питания ROBITON Tablet2000 BL1, Китай;draft-eda47ee16ca984e6
КА-00006079;Рукав высокого давления ENERNITY/2 DN8 MANULI (2SN-K)X3220-PN08AOL10, Беларусь;draft-26e09b455fa5848c
КА-00006080;Аккумулятор 3,6V Li-on SWING 5300 BO BOSTON POWER;draft-c2c01521afe5c177
КА-00006081;Аккумуляторная батарея HR 12-34 W Delta, B8WPD25 /Вьетнам/;draft-076f866f2f472c54
КА-00006082;Аккумуляторная батарея HR 12-18 Delta, 3774S81 /Вьетнам/;draft-af7d751cb848cd34
КА-00006083;ER14250H/S FANSO БАТАРЕИ ЛИТИЕВЫЕ / Китай;draft-d5764385d2d54e75
КА-00006084;Адаптер-блок питания ROBITON IR12-1000S 5,5x2,5-12 /Китай/;draft-ee62cb5bf66f5be8
КА-00006085;Аккумулятор ROBITON Li3.0-18650 с защитой PK1;draft-9f0562b48346a4e3
КА-00006086;Самоклеящаяся этикетка напечатанная 40*30 пленка;draft-cb934cf488d94112
КА-00006087;Винт установочный DIN 913 / ISO 4026 А2 М6х25 (уп./200шт.);draft-63eb88af20a77a88
КА-00006088;Гайка с контрящим кольцом DIN 985 А2 М6 (уп./500шт.);draft-8efdc058899d7d62
КА-00006089;ПуГВ 1х50,0 (ПВ3-50,0) черный (Страна ввоза РБ);draft-533d0af5f48b6785
КА-00006090;Аккумулятор 2х103450 Li-Ion 7.2V/1800 mAH Страна ввоза: Гонконг. Производство Китай;draft-c33955a7dc50c055
КА-00006091;Аккумулятор Li-pol 502030 3.7V 250mAh /Китай/;draft-e5b1ada1efd8e346
КА-00006092;Аккумулятор Li-ion Vapcell 26650 3.7V 5200mAh /Китай/;draft-e389e93ed305485f
КА-00006093;Элемент питания литиевый Sunmoon ER14250 3.6V 1200mAh /Китай/;draft-b547c231c16d6c06
КА-00006094;Батарейка алкалиновая POWER FLASH LR06 /Китай/;draft-51866cb2f61452d6
КА-00006095;Батарейка POWER FLASH 6F22-1S 9V /Китай/;draft-ba96887c193e659b
КА-00006096;Батарейка алкалиновая POWER FLASH 6LR61-1S /Китай;draft-68bbdaa8b085d55c
КА-00006097;Батарейка алкалиновая POWER FLASH LR14-2S /Китай/;draft-ed3c9f5d66067144
КА-00006098;Батарейка алкалиновая POWER FLASH LR1-2S /Китай/;draft-27ad99744dc877cd
КА-00006099;Аккумулятор Ni-mh RADIAN AAA 1100mah /Китай/;draft-209989375ed2356d
КА-00006100;Аккумулятор Ni-MH RADIAN R14 4500mAh /Китай/;draft-82685715efedf293
КА-00006101;Аккумулятор Ni-MH R20 5000mAh /Китай/;draft-1d3b25d99ab4cfe2
КА-00006102;Аккумулятор Ni-MH RADIAN R20 10000mAh /Китай/;draft-f42b8221709f9bfb
КА-00006103;Аккумулятор Ni-MH R20 7500mAh /Китай/;draft-be64448cacc55b5a
КА-00006104;Аккумулятор Li-ion 24V 20Ah /Китай/;draft-cf5bfc27c15d8adf
КА-00006105;Аккумулятор Li-ion F4 24V 20Ah /Китай/;draft-fd7109ea3fb86372
КА-00006106;Аккумулятор Li-ion 12,8V 100Ah /Китай/;draft-f0d8f26a34683055
КА-00006107;Аккумулятор Li-ion 2,3V 22Ah /Китай/;draft-362237f55ccce541
КА-00006108;Аккумулятор Li-ion HBLDT40 3,8V 4500mAh /Китай/;draft-d5917f87fa4cedec
КА-00006109;Самоходная тележка HILIFT ES20 /Китай/;draft-b5599f45b30f4acf
КА-00006110;Аккумулятор Li-ion 48V 20Ah /Китай/;draft-de717c6bbff37a0f
КА-00006111;Специальная литий-ионная батарея с V-образным креплением RADIAN VLB-290W /Китай/;draft-d6a0b78d7b49ed46
КА-00006112;Зарядное устройство для 2-х аккумуляторов V-mount RADIAN 2СН /Китай/;draft-8f52f224cf887bd4
КА-00006113;Гидравлический цилиндр из нержавеющей стали 2,5т /Китай/;draft-3b9f63618344dba4
КА-00006114;Аккумулятор свинцо-кислотный APC SURT192RMXLBP-CH /Китай/;draft-670cc4681d780874
КА-00006115;Аккумулятор Li-ion EVE INR 18650/35V 3500mAh /Китай/;draft-c6b120ed8204db30
КА-00006116;Корпус YC8300 /Китай/;draft-7e7cbb0333017c77
КА-00006117;Аккумулятор свинцово-кислотный Monobloc 0859-0010 12V /Китай/;draft-570c0c84a89e3c43
КА-00006118;Преобразователь напряжения WD2 DC12-DC24 1540W /Китай/;draft-b1af22b1422e369c
КА-00006119;Разъём в сборе EHR-2 685621.032-03, странна ввоза Россия;draft-4e092fa17fe10892
КА-00006120;ER 14250S (PSY) Литиевый элемент питания, Китай;draft-ae03a9b62add75ee
КА-00006121;SB AA11 TC (Tekcell) Литиевый элемент питания/ Корея/;draft-d45ce2ec84518461
КА-00006122;GP12170 WBR Свинцово-кислотный аккумулятор/ Вьетнам;draft-bcd4407359da2de4
КА-00006123;GP 1272 F2 WBR Свинцово-кислотный аккумулятор /Вьетнам;draft-35882d4da5601b69
КА-00006124;GP12260 WBR Свинцово-кислотный аккумулятор/ Вьетнам;draft-1b2192f9c9e0ab6f
КА-00006125;SB AA11 TC (Tekcell) Литиевый элемент питания, страна ввоза Россия;draft-e2bfdbe50769ad10
